time,balance_signal
0.0,-1.2137640231236293
0.01001001001001001,-0.4872850946637073
0.02002002002002002,-0.18386868024494882
0.03003003003003003,1.2646252583992126
0.04004004004004004,0.3500412358380848
0.050050050050050046,-0.5972937954235905
0.06006006006006006,0.26283709649819725
0.07007007007007007,-0.7604150913074786
0.08008008008008008,0.8594862794030119
0.09009009009009009,0.04725423828780201
0.10010010010010009,0.2549448163595159
0.11011011011011011,1.0220963147114865
0.12012012012012012,-0.4826221964056613
0.13013013013013014,-0.4248534602200892
0.14014014014014015,0.06969262921566792
0.15015015015015015,1.0311081282856076
0.16016016016016016,-0.46787981464501616
0.17017017017017017,-1.1340984188097254
0.18018018018018017,0.22419392236244606
0.19019019019019018,0.8865746386426634
0.20020020020020018,1.482045942090546
0.21021021021021022,0.22163730606470855
0.22022022022022023,0.24295352795753772
0.23023023023023023,1.416881853567205
0.24024024024024024,-0.49103937423699967
0.2502502502502503,0.4490910115572893
0.2602602602602603,0.7812899148267339
0.2702702702702703,0.9994195267623439
0.2802802802802803,0.5930732457519026
0.2902902902902903,0.875548522628048
0.3003003003003003,-0.6144473677560915
0.3103103103103103,0.31938092673901053
0.3203203203203203,1.0248796375642688
0.3303303303303303,0.04476711462758881
0.34034034034034033,0.8474613425002916
0.35035035035035034,1.236165428090755
0.36036036036036034,0.7411347003278073
0.37037037037037035,1.0027733084420465
0.38038038038038036,0.35079216896039256
0.39039039039039036,0.7622178943058427
0.40040040040040037,1.333954887028853
0.41041041041041043,1.1161066413618308
0.42042042042042044,0.4877210785049504
0.43043043043043044,1.1347125085758933
0.44044044044044045,1.485906250980972
0.45045045045045046,-0.2752640633233783
0.46046046046046046,1.7437954555979989
0.47047047047047047,1.0191194840559987
0.4804804804804805,1.2450669085433332
0.4904904904904905,1.7493664934093263
0.5005005005005005,0.11794997879740657
0.5105105105105106,0.5882903893807053
0.5205205205205206,0.8616152275014047
0.5305305305305306,0.5407390050809666
0.5405405405405406,1.9512867551842534
0.5505505505505506,0.48986197886674937
0.5605605605605606,0.7656033467027976
0.5705705705705706,1.134048452604787
0.5805805805805806,0.32379721238221276
0.5905905905905906,0.7034050096984205
0.6006006006006006,1.200935733204113
0.6106106106106106,0.7628544251375745
0.6206206206206206,0.7969519992394152
0.6306306306306306,0.6248484147109008
0.6406406406406406,-0.0840496351216688
0.6506506506506506,1.0324021756346657
0.6606606606606606,1.943411008249548
0.6706706706706707,0.8944881005212182
0.6806806806806807,0.8832000455285819
0.6906906906906907,1.325811495728289
0.7007007007007007,0.09188333840982543
0.7107107107107107,1.753915087461524
0.7207207207207207,0.7674585007120641
0.7307307307307307,1.7161127214619414
0.7407407407407407,0.2518783471497624
0.7507507507507507,1.80532545724489
0.7607607607607607,1.1188468806916134
0.7707707707707707,0.8307210761877104
0.7807807807807807,0.7448790033921806
0.7907907907907907,0.43737544881528845
0.8008008008008007,1.356759954608088
0.8108108108108109,0.5883347340775397
0.8208208208208209,-0.5123000878803643
0.8308308308308309,-0.31645008710806954
0.8408408408408409,0.47282311079737166
0.8508508508508509,0.6196610686059795
0.8608608608608609,0.45814435250408153
0.8708708708708709,1.1324020953503373
0.8808808808808809,-0.7139465637159182
0.8908908908908909,0.39126704928108746
0.9009009009009009,-0.8723531496397345
0.9109109109109109,0.8457096046512605
0.9209209209209209,0.18013290541807758
0.9309309309309309,0.48477880184949806
0.9409409409409409,-0.23507281642678352
0.950950950950951,0.8386055915233122
0.960960960960961,0.7950115946249087
0.970970970970971,0.3940060239767424
0.980980980980981,-0.02856943168640431
0.990990990990991,0.3819955464909407
1.001001001001001,-0.5472980219159006
1.011011011011011,0.41644121917497473
1.021021021021021,1.0317828743607829
1.031031031031031,0.6159291127059927
1.0410410410410411,-0.5713499433524935
1.0510510510510511,0.07660533925734365
1.0610610610610611,-0.9900789717391698
1.0710710710710711,0.23053502525008468
1.0810810810810811,0.002355780108865016
1.0910910910910911,-1.385623556822482
1.1011011011011012,-0.9176929390475426
1.1111111111111112,-0.5740932001596015
1.1211211211211212,-0.4272097473323125
1.1311311311311312,-1.2485297401985571
1.1411411411411412,-0.065261745961992
1.1511511511511512,-0.33613968403092975
1.1611611611611612,-0.6209245157306218
1.1711711711711712,-1.1168806417427672
1.1811811811811812,0.05388447609950624
1.1911911911911912,0.3448851786054337
1.2012012012012012,-0.9295826329437581
1.2112112112112112,-0.9941942811231823
1.2212212212212212,-0.26902749826799555
1.2312312312312312,-0.8624177205417557
1.2412412412412412,-0.7464086767549616
1.2512512512512513,-0.35373055236727047
1.2612612612612613,-1.9477493057742725
1.2712712712712713,0.18213315788175186
1.2812812812812813,-0.7882805615721724
1.2912912912912913,-0.9070341173144092
1.3013013013013013,-0.8843985749062045
1.3113113113113113,-0.8517484636212909
1.3213213213213213,-1.7996364595786214
1.3313313313313313,0.1358507719411029
1.3413413413413413,-0.8623986040427243
1.3513513513513513,-0.6581840241628665
1.3613613613613613,-0.3401835363142405
1.3713713713713713,-1.505118003667816
1.3813813813813813,-0.5759778550891365
1.3913913913913913,-1.1025987273540627
1.4014014014014013,-0.3948344139127027
1.4114114114114114,-2.1067889838763474
1.4214214214214214,-0.998635842821266
1.4314314314314314,-1.3136480403514872
1.4414414414414414,-0.8452808134224162
1.4514514514514514,-0.9168232891588765
1.4614614614614614,-1.3861851654383226
1.4714714714714714,-1.4308766230472
1.4814814814814814,-1.1058899933988453
1.4914914914914914,-1.5181456877164472
1.5015015015015014,-0.4996309555401906
1.5115115115115114,-1.130648036679737
1.5215215215215214,-2.735019251328528
1.5315315315315314,-1.2797447422289632
1.5415415415415414,-1.5354090869870252
1.5515515515515514,-1.9830500703254237
1.5615615615615615,-1.6816892289933185
1.5715715715715715,-0.9473756200701764
1.5815815815815815,-0.22213720228814654
1.5915915915915915,-0.764242551990806
1.6016016016016015,-1.3123653818007628
1.6116116116116117,-0.6272249976879993
1.6216216216216217,-1.224834873692684
1.6316316316316317,-1.4793758326996878
1.6416416416416417,-1.6298586392958956
1.6516516516516517,-1.876230673331882
1.6616616616616617,-1.1315241801878442
1.6716716716716717,-0.7829354091047721
1.6816816816816818,-0.8205493788365092
1.6916916916916918,-1.1306196710524934
1.7017017017017018,-1.4967350108351696
1.7117117117117118,-0.43475046992264815
1.7217217217217218,-1.5960672629234487
1.7317317317317318,-0.3581851456022272
1.7417417417417418,-1.3405724865883273
1.7517517517517518,-1.1153453697127624
1.7617617617617618,-1.5613161906500839
1.7717717717717718,-0.9334091875856714
1.7817817817817818,0.09715911504119953
1.7917917917917918,-0.3265029768524484
1.8018018018018018,0.026124760782121365
1.8118118118118118,-0.28481811770921184
1.8218218218218218,-1.2608962748384998
1.8318318318318318,-0.7493457026612805
1.8418418418418419,-0.9830952126386406
1.8518518518518519,0.37830382602673174
1.8618618618618619,-0.9506266381889406
1.8718718718718719,0.08719108601100131
1.8818818818818819,0.1398210838343572
1.8918918918918919,0.7595824852386948
1.901901901901902,-0.5174769961555452
1.911911911911912,0.17525920709601375
1.921921921921922,1.2288815800605677
1.931931931931932,-0.7769124579855425
1.941941941941942,-1.2933636740077212
1.951951951951952,-1.3180510959194072
1.961961961961962,0.39619542358412213
1.971971971971972,-1.3430808757746597
1.981981981981982,-0.520577068122047
1.991991991991992,0.2829270193315372
2.002002002002002,0.1368873333102335
2.012012012012012,0.20577813864526662
2.022022022022022,0.12365979001762327
2.032032032032032,0.79020182826943
2.042042042042042,-0.43085171420973895
2.052052052052052,-0.2935037930046644
2.062062062062062,-0.23032980240755516
2.0720720720720722,0.4942363627227876
2.0820820820820822,0.726711080227125
2.0920920920920922,0.4659474407922705
2.1021021021021022,1.00487988443966
2.1121121121121122,-0.40489480731044863
2.1221221221221223,1.438476969246362
2.1321321321321323,1.1684825537785313
2.1421421421421423,0.8768713694672058
2.1521521521521523,1.573750596518183
2.1621621621621623,-0.3577471858680733
2.1721721721721723,0.16169313079574382
2.1821821821821823,0.12637708348721977
2.1921921921921923,0.8563446569441245
2.2022022022022023,-0.22807267826870878
2.2122122122122123,1.140462721581243
2.2222222222222223,1.4646644725927216
2.2322322322322323,1.1779586684166454
2.2422422422422423,0.7500434720575829
2.2522522522522523,0.16096045205287604
2.2622622622622623,0.37521017284501723
2.2722722722722724,1.5381605194073804
2.2822822822822824,1.2647996516700846
2.2922922922922924,0.7718210787518652
2.3023023023023024,0.4368309411941257
2.3123123123123124,-0.2758970066943048
2.3223223223223224,0.1568346375177337
2.3323323323323324,2.05165886825434
2.3423423423423424,-0.01348809131075121
2.3523523523523524,0.9136683327030531
2.3623623623623624,1.6272354357344438
2.3723723723723724,0.13995127913486038
2.3823823823823824,1.1595939604317609
2.3923923923923924,1.4998909680532928
2.4024024024024024,0.8135094436851511
2.4124124124124124,2.754787750615232
2.4224224224224224,-0.0779032502275687
2.4324324324324325,1.668687461959377
2.4424424424424425,0.8820319531449379
2.4524524524524525,1.3285669144300112
2.4624624624624625,1.2709824613895606
2.4724724724724725,0.7320670438047804
2.4824824824824825,1.1753228240272833
2.4924924924924925,-0.11962041680902066
2.5025025025025025,1.4479450683671349
2.5125125125125125,1.1949760490066437
2.5225225225225225,1.3974566362013847
2.5325325325325325,1.5423227007621472
2.5425425425425425,1.230361692858014
2.5525525525525525,1.1580912618880361
2.5625625625625625,0.3852209430552625
2.5725725725725725,0.6607490879490616
2.5825825825825826,1.67123786773283
2.5925925925925926,1.7487691948159927
2.6026026026026026,0.8854424379261824
2.6126126126126126,0.9427269363890692
2.6226226226226226,0.44470447140791436
2.6326326326326326,1.59475201602495
2.6426426426426426,1.29572504827862
2.6526526526526526,2.091407552633597
2.6626626626626626,0.3685241163188434
2.6726726726726726,0.46999031404627634
2.6826826826826826,0.8889501547663323
2.6926926926926926,1.2845427030175374
2.7027027027027026,0.6640256207262377
2.7127127127127126,0.21922788339247076
2.7227227227227226,1.1851913935914347
2.7327327327327327,1.0907083577137
2.7427427427427427,0.011534832526319566
2.7527527527527527,1.5061285599347731
2.7627627627627627,1.3324385548861457
2.7727727727727727,0.6580035655095859
2.7827827827827827,0.6729724484547431
2.7927927927927927,0.9675031894013114
2.8028028028028027,0.2310729418516475
2.8128128128128127,0.45182106831751045
2.8228228228228227,-0.6703614545554141
2.8328328328328327,1.1050826047705735
2.8428428428428427,-0.525315130024808
2.8528528528528527,1.3642974991093582
2.8628628628628627,0.1829414958795875
2.8728728728728727,0.2767036258661818
2.8828828828828827,0.10377886706619747
2.8928928928928928,0.20579822465809683
2.9029029029029028,1.1921383545592483
2.9129129129129128,-1.2569182186336365
2.9229229229229228,0.8872400819567019
2.932932932932933,0.3952785647553612
2.942942942942943,-0.44939266516723875
2.952952952952953,-0.6200957597365724
2.962962962962963,1.0375215809960172
2.972972972972973,-0.4723967845914035
2.982982982982983,-0.7173476151522991
2.992992992992993,0.6409982335758502
3.003003003003003,0.15980976700739913
3.013013013013013,-0.7128749376977616
3.023023023023023,-0.02022067437512408
3.033033033033033,-0.6627675406734204
3.043043043043043,0.42109127646850214
3.053053053053053,0.3430923215955799
3.063063063063063,0.07197677946275058
3.073073073073073,0.04799831207291661
3.083083083083083,0.7828995608518239
3.093093093093093,-0.3256638800885353
3.103103103103103,-1.0238494863435401
3.113113113113113,-0.21789575962367164
3.123123123123123,0.9139754177215027
3.133133133133133,-0.9843428839536905
3.143143143143143,-0.6843154190984435
3.153153153153153,-0.13245273916271327
3.163163163163163,-0.6129805252361065
3.173173173173173,-1.0167459892279815
3.183183183183183,0.14123084235432382
3.193193193193193,0.7947482354422016
3.203203203203203,-0.479807636049017
3.2132132132132134,-1.1718741499497198
3.2232232232232234,-1.4769471192573616
3.2332332332332334,-0.6002456152093129
3.2432432432432434,-0.09061400211951916
3.2532532532532534,-0.3462917571639936
3.2632632632632634,-0.7850331668501246
3.2732732732732734,-1.0383920968920484
3.2832832832832834,-1.296390300472446
3.2932932932932935,-0.3277466658653309
3.3033033033033035,-0.21230118252888605
3.3133133133133135,-1.8526196881624017
3.3233233233233235,0.16440592956314865
3.3333333333333335,-0.5056287523690965
3.3433433433433435,-0.003718462449514022
3.3533533533533535,-1.752662138539156
3.3633633633633635,-1.8616565443085251
3.3733733733733735,-0.9710333103656428
3.3833833833833835,-0.797038359672086
3.3933933933933935,0.10799004899594636
3.4034034034034035,-0.45536423612607246
3.4134134134134135,-1.0934871381112898
3.4234234234234235,-1.4311558652867267
3.4334334334334335,-0.15820385929517639
3.4434434434434436,-1.6153919329498436
3.4534534534534536,-0.010061186401985181
3.4634634634634636,-1.1678401166852712
3.4734734734734736,-0.16875450044731669
3.4834834834834836,-0.6665272503596378
3.4934934934934936,-1.1268492604877898
3.5035035035035036,-1.4744748915244446
3.5135135135135136,-1.1998442151521977
3.5235235235235236,-0.7602062715199335
3.5335335335335336,-1.0819935701295735
3.5435435435435436,-1.3146078141884683
3.5535535535535536,-1.0279894500626985
3.5635635635635636,-0.9148189785814957
3.5735735735735736,-2.2765721914216077
3.5835835835835836,-0.6435058073019871
3.5935935935935936,-1.4904979619902194
3.6036036036036037,-1.6149044030663016
3.6136136136136137,-2.015350287568645
3.6236236236236237,-1.9797330564015176
3.6336336336336337,-1.630791376974319
3.6436436436436437,-1.373036949790551
3.6536536536536537,0.4540537212500059
3.6636636636636637,-1.2282821804210806
3.6736736736736737,-0.745567266478896
3.6836836836836837,-0.6515806144819367
3.6936936936936937,-0.7240017965039579
3.7037037037037037,-0.9879670046014624
3.7137137137137137,-1.543810228273348
3.7237237237237237,0.020182998568114438
3.7337337337337337,0.3528425122685051
3.7437437437437437,-1.6509066453574848
3.7537537537537538,-1.2614557219150317
3.7637637637637638,-1.0334989276575948
3.7737737737737738,-1.0677296412336759
3.7837837837837838,-0.3010182699724539
3.793793793793794,-1.102529491746834
3.803803803803804,0.733528114702866
3.813813813813814,0.17629069605330167
3.823823823823824,-0.45144903160811767
3.833833833833834,0.1333874201382133
3.843843843843844,0.1438057625217426
3.853853853853854,-0.8138873128942739
3.863863863863864,-0.9593974586909925
3.873873873873874,-0.45367742439271375
3.883883883883884,0.17189590390176435
3.893893893893894,-0.19694284674441476
3.903903903903904,-1.2023370382956615
3.913913913913914,-0.6832632622942083
3.923923923923924,-0.25516771164711716
3.933933933933934,-0.29408311386454455
3.943943943943944,1.0755019719765098
3.953953953953954,-1.0843480996947128
3.963963963963964,0.11833096307145274
3.973973973973974,0.7346597574199071
3.983983983983984,1.3989797616214559
3.993993993993994,-0.18608267756363772
4.004004004004004,0.3464207084344607
4.014014014014014,0.4716227055585141
4.024024024024024,0.12234848092141788
4.034034034034034,0.07529795421665483
4.044044044044044,0.38949861740202935
4.054054054054054,-1.2825962624991691
4.064064064064064,0.5999309406582076
4.074074074074074,0.27552718186681435
4.084084084084084,0.1708842538300089
4.094094094094094,1.5895298140825813
4.104104104104104,-0.1371746831779306
4.114114114114114,0.10413840370412167
4.124124124124124,1.4903965287551049
4.134134134134134,-0.29004802236860294
4.1441441441441444,0.1234906112080798
4.1541541541541545,0.4260769062358184
4.1641641641641645,1.018582095904143
4.1741741741741745,0.4890012789732172
4.1841841841841845,-0.25676428720384825
4.1941941941941945,0.07616329596161983
4.2042042042042045,0.3435825150759351
4.2142142142142145,0.4900971742349429
4.2242242242242245,1.0035313655720839
4.2342342342342345,0.9978242443684184
4.2442442442442445,-0.4434484744912039
4.2542542542542545,1.264235719917877
4.2642642642642645,0.9176444565412203
4.2742742742742745,1.522096597049787
4.2842842842842845,1.0537403533305514
4.2942942942942945,1.4205191060513103
4.3043043043043046,0.9543255509057307
4.314314314314315,1.4639207604395095
4.324324324324325,1.1830142592235462
4.334334334334335,0.763919720095409
4.344344344344345,2.202013559639618
4.354354354354355,1.4862247564377524
4.364364364364365,1.3487017383252786
4.374374374374375,0.13553937156236592
4.384384384384385,0.1345261896362394
4.394394394394395,1.1611081045280862
4.404404404404405,0.9339990306832654
4.414414414414415,0.6134490521909769
4.424424424424425,1.1006867069652422
4.434434434434435,1.9864555309134289
4.444444444444445,1.24710902154219
4.454454454454455,0.24426718828742527
4.464464464464465,0.8566085714937807
4.474474474474475,0.5217975079982349
4.484484484484485,0.8046518907635711
4.494494494494495,0.8714178601761933
4.504504504504505,0.6737152837748999
4.514514514514515,0.20607353671005343
4.524524524524525,1.0124143723780759
4.534534534534535,0.6814819304639779
4.544544544544545,-0.6660328396151244
4.554554554554555,2.240230415409401
4.564564564564565,1.540191762414058
4.574574574574575,0.6402503513659379
4.584584584584585,0.8520714186143837
4.594594594594595,0.3061382731293918
4.604604604604605,2.059008462268332
4.614614614614615,2.222193493728589
4.624624624624625,1.0857948431110827
4.634634634634635,1.6190204970290396
4.644644644644645,0.9572889168679268
4.654654654654655,-0.010275745656289192
4.664664664664665,0.6900653168172086
4.674674674674675,0.9657449734357189
4.684684684684685,0.5722177276669816
4.694694694694695,0.7184986063554462
4.704704704704705,0.7712564267452198
4.714714714714715,0.8351687177149254
4.724724724724725,0.895921266745514
4.734734734734735,0.14736628505121055
4.744744744744745,0.3561386651968105
4.754754754754755,-0.0331596771767771
4.764764764764765,1.223354678135817
4.774774774774775,-0.5528770680574965
4.784784784784785,1.2063647773332207
4.794794794794795,1.5170565967044998
4.804804804804805,0.298636665399034
4.814814814814815,-0.9895090116819936
4.824824824824825,0.23856906436133618
4.834834834834835,0.5016699405570526
4.844844844844845,-0.14071241369892
4.854854854854855,0.003637099996607024
4.864864864864865,1.3636743380434815
4.874874874874875,0.7357692078375966
4.884884884884885,-0.13043361183545063
4.894894894894895,-0.6342236511741348
4.904904904904905,0.12974914358446282
4.914914914914915,0.05945128530512671
4.924924924924925,0.4842476298680532
4.934934934934935,-0.15489366640192112
4.944944944944945,0.5475354264006914
4.954954954954955,1.4363239229854967
4.964964964964965,0.5347305848696281
4.974974974974975,0.13583221873982088
4.984984984984985,-0.23631090669772717
4.994994994994995,-0.29381599353826504
5.005005005005005,0.615959231919305
5.015015015015015,-0.5317423320783439
5.025025025025025,-0.17809091734868565
5.035035035035035,-0.04608505744282444
5.045045045045045,-0.45923726343006716
5.055055055055055,-0.9652263796862208
5.065065065065065,0.046035065033562333
5.075075075075075,-0.2490277196236787
5.085085085085085,0.08863446643736646
5.095095095095095,-0.6200486220821627
5.105105105105105,0.31330351273900026
5.115115115115115,-0.7952522533877817
5.125125125125125,0.5970486271850792
5.135135135135135,-1.535330858041944
5.145145145145145,-0.19372000426483543
5.155155155155155,-0.25612700036040825
5.165165165165165,-1.0066379900080729
5.175175175175175,-0.2408070417741158
5.185185185185185,0.24606956292497947
5.195195195195195,-1.977424561696378
5.205205205205205,-0.33830517950453415
5.215215215215215,-2.035786028668232
5.225225225225225,-1.1896727957488542
5.235235235235235,0.4699460952015849
5.245245245245245,-0.9511248441851304
5.255255255255255,-1.3314686580291266
5.265265265265265,-0.9699838181292159
5.275275275275275,0.5408853053671372
5.285285285285285,-1.8842483601052855
5.295295295295295,-1.4751058139206974
5.305305305305305,0.09319938278455026
5.315315315315315,0.35388751992578293
5.325325325325325,-0.8751659404872263
5.335335335335335,-1.6828625172253482
5.345345345345345,0.43263003116412696
5.355355355355355,0.0071402755635741055
5.365365365365365,-0.48717218214055014
5.375375375375375,-1.436039594337931
5.385385385385385,-0.9827982101954834
5.395395395395395,-0.9814036003585098
5.405405405405405,-0.8408714495551757
5.415415415415415,0.06131550012621781
5.425425425425425,-0.5907177155642778
5.435435435435435,-1.6737383602323594
5.445445445445445,-0.1298341392605545
5.455455455455455,-0.7555998361684803
5.465465465465465,-0.5899189376203261
5.475475475475475,-0.12170016045165186
5.485485485485485,-1.6330647026407488
5.495495495495495,-1.039880777187241
5.505505505505505,-1.207268657139037
5.515515515515515,-1.8723800003080144
5.525525525525525,-0.7189345055136318
5.535535535535535,0.4358664650755966
5.545545545545545,-2.100178436379691
5.555555555555555,-1.0282133955395472
5.565565565565565,-0.6749833064241548
5.575575575575575,-0.869286153742864
5.585585585585585,-1.0749588389479803
5.595595595595595,-1.6823386692777629
5.605605605605605,-0.8914106518613129
5.615615615615615,-1.2512937938493616
5.625625625625625,-2.3087852348688105
5.635635635635635,-0.1762801843077625
5.645645645645645,-0.2587531392060442
5.655655655655655,-0.8974545610299808
5.665665665665665,-0.6619511832695444
5.675675675675675,-0.3052730179280091
5.685685685685685,-0.5838495382463635
5.6956956956956954,-0.27334856313885747
5.7057057057057055,-1.0245537718362265
5.7157157157157155,-0.015766884233319206
5.7257257257257255,-0.501738314357061
5.7357357357357355,-0.6683987888168506
5.7457457457457455,-1.5384791918638268
5.7557557557557555,-0.5397552213663971
5.7657657657657655,-1.2645611388591727
5.7757757757757755,-0.8849190049191455
5.7857857857857855,-1.1578511122250688
5.7957957957957955,-1.1716307026360324
5.8058058058058055,0.7186881938599776
5.8158158158158155,0.17316183766085458
5.8258258258258255,0.6314594125679588
5.8358358358358355,-1.164192851287955
5.8458458458458455,-0.4378883886543264
5.8558558558558556,-1.1181785499112813
5.865865865865866,-0.7447293368364383
5.875875875875876,-0.8575027998008764
5.885885885885886,0.35610781123176405
5.895895895895896,-0.6453785463677193
5.905905905905906,0.30062162851183694
5.915915915915916,0.11707529859436006
5.925925925925926,1.1952303176030201
5.935935935935936,-1.2612994314894779
5.945945945945946,0.5858900674212891
5.955955955955956,0.5625843222936351
5.965965965965966,-0.7129483086928243
5.975975975975976,0.6321798444227623
5.985985985985986,0.19141728173342168
5.995995995995996,-0.044249021164315505
6.006006006006006,-0.4927708290267544
6.016016016016016,-0.3061729011055925
6.026026026026026,1.4423646708969613
6.036036036036036,0.21831403874537483
6.046046046046046,0.5260606045125331
6.056056056056056,-0.3196372719520568
6.066066066066066,-0.2894592327572758
6.076076076076076,0.9250624586477484
6.086086086086086,-0.48767482639523624
6.096096096096096,-0.01890983799805182
6.106106106106106,0.35304656861446554
6.116116116116116,0.26198206294577053
6.126126126126126,0.3938491884497829
6.136136136136136,0.6112667105088243
6.146146146146146,0.8633524293223702
6.156156156156156,0.8871472592395703
6.166166166166166,-0.001162407958633302
6.176176176176176,0.1281519785622519
6.186186186186186,1.2676625360931586
6.196196196196196,1.1063985714448756
6.206206206206206,-0.2565603428325477
6.216216216216216,0.9772060611578117
6.226226226226226,-0.6055489698115574
6.236236236236236,0.7657846087777522
6.246246246246246,1.8658794954964375
6.256256256256256,0.25305312876603336
6.266266266266266,0.18833358766845745
6.276276276276276,1.1627841913853414
6.286286286286286,-0.05504469031913416
6.296296296296296,0.4564958794904288
6.306306306306306,1.0547722699219972
6.316316316316316,0.414354688934521
6.326326326326326,0.7441385112881871
6.336336336336336,1.384236464077874
6.346346346346346,1.0843261062630292
6.356356356356356,0.8268446091152029
6.366366366366366,0.7515458144699223
6.376376376376376,1.0499366328875324
6.386386386386386,0.7013479873577899
6.396396396396396,0.995594538677169
6.406406406406406,0.7240421097433023
6.416416416416417,0.866470059720027
6.426426426426427,0.36137909476781455
6.436436436436437,1.070245337755456
6.446446446446447,0.5502658799119351
6.456456456456457,0.4515341318899892
6.466466466466467,1.0382338066951509
6.476476476476477,1.1221503549711118
6.486486486486487,1.3394861371779836
6.496496496496497,0.7229134999067969
6.506506506506507,1.2247335340646457
6.516516516516517,1.3792617454217
6.526526526526527,1.2670389981406454
6.536536536536537,0.5479000320989188
6.546546546546547,1.1352206896673183
6.556556556556557,1.375135278256817
6.566566566566567,0.9572962828550834
6.576576576576577,-0.35596665880558476
6.586586586586587,1.0792106545033129
6.596596596596597,2.2176423551959306
6.606606606606607,0.8469717056015624
6.616616616616617,0.4741330617820346
6.626626626626627,1.1006749160821452
6.636636636636637,1.0589970464017415
6.646646646646647,1.6688542168128353
6.656656656656657,0.11397765990595456
6.666666666666667,1.2535202097190035
6.676676676676677,1.3373575113514475
6.686686686686687,0.6791049242235054
6.696696696696697,1.0211308181619159
6.706706706706707,1.4663128405927608
6.716716716716717,1.169929418665993
6.726726726726727,0.10948100487322959
6.736736736736737,1.1436343654989578
6.746746746746747,0.7413060958742312
6.756756756756757,0.6586512468333361
6.766766766766767,0.7682365908932653
6.776776776776777,0.6435142879633137
6.786786786786787,1.4047914151581071
6.796796796796797,0.5657711765834199
6.806806806806807,-0.1198797618863762
6.816816816816817,0.262011884942955
6.826826826826827,0.7424961658135312
6.836836836836837,1.1720071808812398
6.846846846846847,0.7416858480509979
6.856856856856857,-0.02239857129120436
6.866866866866867,1.833584996306889
6.876876876876877,0.4600893710922669
6.886886886886887,0.9976696145201125
6.896896896896897,0.18861226758912852
6.906906906906907,0.6017075351837723
6.916916916916917,0.7811880103527508
6.926926926926927,1.0345760914725943
6.936936936936937,0.8733977585879051
6.946946946946947,0.6739489090482449
6.956956956956957,-0.07009571282025778
6.966966966966967,-0.19864486382818425
6.976976976976977,0.3736360311493915
6.986986986986987,0.610852178804011
6.996996996996997,-0.16172881657690047
7.007007007007007,0.5376625154155619
7.017017017017017,0.7025185521456714
7.027027027027027,-0.5812969021560784
7.037037037037037,-0.572007054511835
7.047047047047047,-0.1853010579548099
7.057057057057057,-0.004016825952621136
7.067067067067067,-0.4113273615264582
7.077077077077077,0.5328067442557662
7.087087087087087,0.06066993500386414
7.097097097097097,-0.27976208026646965
7.107107107107107,-1.2403868258962982
7.117117117117117,-1.1017757949156188
7.127127127127127,-0.18747228892758283
7.137137137137137,-1.668623767158015
7.147147147147147,0.16809799386586388
7.157157157157157,-0.5718319757511827
7.167167167167167,1.635564448598869
7.177177177177177,0.9511720932393101
7.187187187187187,-0.6057961443337863
7.197197197197197,-0.6354972182911224
7.207207207207207,0.07197060818540273
7.217217217217217,0.43267954301958234
7.227227227227227,-1.635473752679423
7.237237237237237,-1.7743047610487512
7.247247247247247,-1.08065960711324
7.257257257257257,-0.6270346930274353
7.267267267267267,-0.4294338244400485
7.277277277277277,-0.1622480108764091
7.287287287287287,-1.3773079590429582
7.297297297297297,-2.192135922483325
7.307307307307307,-0.40260473798031904
7.317317317317317,-1.340690276567929
7.327327327327327,-2.1512200013315295
7.337337337337337,-0.7473353571868594
7.347347347347347,-0.3880110723302392
7.357357357357357,-0.8978681543300494
7.367367367367367,-1.2524181744902234
7.377377377377377,-1.0196085969945772
7.387387387387387,-1.2696202279707658
7.397397397397397,-1.7012068181699185
7.407407407407407,-1.3452882240745379
7.4174174174174174,-0.6141012328675473
7.4274274274274275,-0.7809852331042809
7.4374374374374375,-0.8467292023768439
7.4474474474474475,-1.4551440971430545
7.4574574574574575,-1.122791384513781
7.4674674674674675,-2.2899291326514915
7.4774774774774775,-0.9773019021977786
7.4874874874874875,-0.21137374443580556
7.4974974974974975,-1.8766233116455457
7.5075075075075075,-1.2629637945248893
7.5175175175175175,-0.8215244705845706
7.5275275275275275,-0.26343065238703417
7.5375375375375375,-1.294540178480807
7.5475475475475475,-1.4469950109905194
7.5575575575575575,-2.141452295172555
7.5675675675675675,-1.035272972977114
7.5775775775775776,0.35727309969978716
7.587587587587588,-0.8491992159081847
7.597597597597598,-0.9089767810526065
7.607607607607608,-0.8517505996028998
7.617617617617618,-0.8856536294051716
7.627627627627628,-1.354742117783782
7.637637637637638,-0.3832579447124515
7.647647647647648,-0.8384345810079589
7.657657657657658,-0.8492961894883888
7.667667667667668,-1.5443128666055665
7.677677677677678,-0.08633100115964326
7.687687687687688,-0.34996718703940205
7.697697697697698,-1.0812635334784562
7.707707707707708,-0.1922387563000468
7.717717717717718,-1.1515907579845543
7.727727727727728,-1.1723678060934852
7.737737737737738,-1.1880866967490589
7.747747747747748,-1.960358665142316
7.757757757757758,-0.34412927462201753
7.767767767767768,-1.767181466894959
7.777777777777778,-1.2836578086073511
7.787787787787788,-1.951358128870761
7.797797797797798,-0.899146382567836
7.807807807807808,-0.6356316535902172
7.817817817817818,-0.7142951053254529
7.827827827827828,-1.275703637251675
7.837837837837838,-1.269315159544949
7.847847847847848,0.039035000226925576
7.857857857857858,-0.7866388611706957
7.867867867867868,-0.15499461145219992
7.877877877877878,-0.957516997788024
7.887887887887888,-0.40356012004019604
7.897897897897898,0.45305522407046284
7.907907907907908,0.04515454933872984
7.917917917917918,-0.5344586264236684
7.927927927927928,-0.07934329326452902
7.937937937937938,-0.31699839422337744
7.947947947947948,-0.1700797574485629
7.957957957957958,-0.42818241356051756
7.967967967967968,-0.1601681780584481
7.977977977977978,-0.097822773176075
7.987987987987988,-0.7977717090106234
7.997997997997998,-0.5566822899339307
8.008008008008009,-0.7674086651385216
8.018018018018019,-0.9081792427243538
8.028028028028029,-0.7540665873016309
8.038038038038039,0.15826043756472452
8.048048048048049,-0.40631742729611237
8.058058058058059,0.36188229692538
8.068068068068069,0.1739220427921886
8.078078078078079,-0.88607891563011
8.088088088088089,0.7803879332846198
8.098098098098099,0.7562533556169697
8.108108108108109,-0.2026587418135668
8.118118118118119,0.4616113338716662
8.128128128128129,-0.06939879043603281
8.138138138138139,0.4147658661400192
8.148148148148149,-0.28531221463587886
8.158158158158159,-0.6190090155334959
8.168168168168169,0.38002236280625135
8.178178178178179,0.3867933804972251
8.188188188188189,0.36896726389782786
8.198198198198199,-0.14958253479098466
8.208208208208209,0.35584564547476366
8.218218218218219,0.7799695160225256
8.228228228228229,0.5625367188361369
8.238238238238239,0.7888746924422478
8.248248248248249,0.29612370103839836
8.258258258258259,1.4475419674626329
8.268268268268269,0.04755859805061308
8.278278278278279,1.1234299370766103
8.288288288288289,1.5698630404313572
8.298298298298299,1.010358106860782
8.308308308308309,0.772068919911729
8.318318318318319,0.4296001551334745
8.328328328328329,1.5267378925344608
8.338338338338339,0.06957401753195452
8.348348348348349,0.1536589590915689
8.358358358358359,0.6715228080963545
8.368368368368369,1.6208193939385427
8.378378378378379,1.0950483882862174
8.388388388388389,0.466394408969541
8.398398398398399,0.7110106858728784
8.408408408408409,0.5257826539374293
8.418418418418419,0.5475177482575764
8.428428428428429,1.617008761512475
8.438438438438439,0.1469784163146461
8.448448448448449,2.0454922521473247
8.458458458458459,1.5309119606652857
8.468468468468469,1.4753577422339708
8.478478478478479,0.6775941249005459
8.488488488488489,0.8644343370663793
8.498498498498499,0.17844666203524048
8.508508508508509,0.4748599589122191
8.518518518518519,1.4984218435545764
8.528528528528529,1.8161062906994787
8.538538538538539,0.3402957411154647
8.548548548548549,0.8636132457558449
8.558558558558559,1.079838509881201
8.568568568568569,0.2090740856130735
8.578578578578579,1.4003986244304576
8.588588588588589,0.5375823131587101
8.598598598598599,0.8238515119088811
8.608608608608609,0.6331192028668002
8.618618618618619,0.39167322669088595
8.62862862862863,0.8602690121259131
8.63863863863864,0.6692295384886366
8.64864864864865,0.6637414127275673
8.65865865865866,0.3064785993964511
8.66866866866867,1.069851682687201
8.67867867867868,1.8358088027820447
8.68868868868869,0.9250762750994936
8.6986986986987,1.3673135898079438
8.70870870870871,0.20465056526404657
8.71871871871872,0.9765389289794044
8.72872872872873,-0.005238152891461956
8.73873873873874,-0.13585018342331107
8.74874874874875,0.21761755638402158
8.75875875875876,1.3213657111406598
8.76876876876877,1.127012092317487
8.77877877877878,0.820755595166405
8.78878878878879,-0.3582215011723448
8.7987987987988,0.5504917260952134
8.80880880880881,0.8256971492688687
8.81881881881882,0.7541911109242918
8.82882882882883,-0.6622621634212625
8.83883883883884,-0.011214323239074321
8.84884884884885,0.46935948152123164
8.85885885885886,0.712860645764323
8.86886886886887,-0.9790117830835929
8.87887887887888,0.4028843017817302
8.88888888888889,0.4460490753116051
8.8988988988989,0.8729496573981551
8.90890890890891,0.6322295900701997
8.91891891891892,0.5039780953486309
8.92892892892893,-0.30409445365897053
8.93893893893894,-0.9640683482321186
8.94894894894895,-0.16127432699467995
8.95895895895896,0.7287688057149746
8.96896896896897,0.7983248198374799
8.97897897897898,0.40271716120770196
8.98898898898899,0.3458626063550095
8.998998998999,0.2792317628615467
9.00900900900901,-0.39332024737053467
9.01901901901902,-0.21917178574153917
9.02902902902903,0.8281784086870776
9.03903903903904,-0.7177337875288897
9.04904904904905,0.8669457018613179
9.05905905905906,-0.30343404419118
9.06906906906907,0.5402485858733987
9.07907907907908,-1.182254985531155
9.08908908908909,0.09672812734902073
9.0990990990991,-0.8142688988254243
9.10910910910911,-1.2267237708056264
9.11911911911912,-0.1284075991436887
9.12912912912913,0.27721680469340304
9.13913913913914,-0.9176575742325166
9.14914914914915,-1.4527702927409527
9.15915915915916,-0.5176322954921312
9.16916916916917,-0.47424164797157886
9.17917917917918,-0.23470667713066426
9.18918918918919,0.11787108388003459
9.1991991991992,-0.5179775631438782
9.20920920920921,0.6354584669026122
9.21921921921922,-0.4765717890007002
9.22922922922923,-0.8203581411555556
9.23923923923924,-1.5366083495583984
9.24924924924925,-0.8272412643701345
9.25925925925926,-0.9693045374429478
9.26926926926927,-0.20829149748833653
9.27927927927928,-0.47249343583230574
9.28928928928929,-1.599650954167899
9.2992992992993,-0.7158292154563206
9.30930930930931,-0.3352165084676907
9.31931931931932,-0.1016616648467443
9.32932932932933,-0.20440663158874864
9.33933933933934,-0.329006970594673
9.34934934934935,-0.8908062433192463
9.35935935935936,-0.6275098139782014
9.36936936936937,-0.16701124321981115
9.37937937937938,-1.630324181967058
9.38938938938939,-1.0712781856183367
9.3993993993994,-1.526018664408497
9.40940940940941,-0.6853015300403802
9.41941941941942,-0.24644487580310637
9.42942942942943,-1.327082138873035
9.43943943943944,-2.4743921118567545
9.44944944944945,-1.094897774941804
9.45945945945946,-0.3606112504562267
9.46946946946947,-0.7320074818819223
9.47947947947948,-0.8477798148947162
9.48948948948949,-1.198304689431985
9.4994994994995,-1.7326569938731646
9.50950950950951,-0.6711607147313856
9.51951951951952,-1.3984388320774617
9.52952952952953,0.37795164609590415
9.53953953953954,-0.5724251205818714
9.54954954954955,-1.3101492764237137
9.55955955955956,-1.4605206337726842
9.56956956956957,-1.0476332574343348
9.57957957957958,-1.0278047572565066
9.58958958958959,-0.2946741713863201
9.5995995995996,-0.7993475433468494
9.60960960960961,-1.4057744140943107
9.61961961961962,0.12166373238151751
9.62962962962963,-0.8984986330918301
9.63963963963964,-0.41928089855864614
9.64964964964965,-1.3088965947220557
9.65965965965966,-0.6778087981749727
9.66966966966967,-0.7497608926121928
9.67967967967968,-1.8891166908083814
9.68968968968969,0.35798046706660974
9.6996996996997,0.08103595682287756
9.70970970970971,-0.9067310005594137
9.71971971971972,-1.4389197341499784
9.72972972972973,-0.6228112355743809
9.73973973973974,-0.8443813016922181
9.74974974974975,-0.6120240755907119
9.75975975975976,-0.6800574387592203
9.76976976976977,-0.24783207604939356
9.77977977977978,0.2396924758601277
9.78978978978979,-0.24139844926211632
9.7997997997998,-1.3957209452615793
9.80980980980981,0.15912293907165223
9.81981981981982,0.5190304769712906
9.82982982982983,1.404674469413984
9.83983983983984,-1.1680673760406561
9.84984984984985,-0.26349414986670255
9.85985985985986,-1.544573009794964
9.86986986986987,-0.08331695333935094
9.87987987987988,-0.6918459894976688
9.88988988988989,0.8304118598987988
9.8998998998999,-0.582716272578099
9.90990990990991,-1.4607212072267108
9.91991991991992,-0.4770339577052986
9.92992992992993,-1.4128349088756542
9.93993993993994,0.30843475742328047
9.94994994994995,-1.4482293962019288
9.95995995995996,-0.11230068393907902
9.96996996996997,-1.2839764818841048
9.97997997997998,-0.005999156682961498
9.98998998998999,1.0192275977157659
10.0,0.14854348701903505
