time,spasticity_signal
0.0,0.0
0.02,0.11580063023294122
0.04,0.23657143152124094
0.06,0.2146936458541014
0.08,0.37620730215454223
0.1,0.44209816681028125
0.12,0.7699960906641394
0.14,0.5834968570850093
0.16,0.6399187266733193
0.18,0.6828640408506076
0.2,0.8761331531505531
0.22,1.1025734679653656
0.24,1.0383803998769605
0.26,1.0780832796210909
0.28,1.2832243078441685
0.3,1.2727312093052117
0.32,1.2095037429295261
0.34,1.4832975835663746
0.36,0.9675076831636189
0.38,1.3769089443711915
0.4,1.2808451684850766
0.42,0.9605046973417104
0.44,1.2963943840781105
0.46,1.2538170401092643
0.48,1.0016432436016323
0.5,0.8471154743357865
0.52,0.8180660444373293
0.54,1.0303488835415313
0.56,0.8236218517977552
0.58,0.5077058504427157
0.6,0.7945494805522424
0.62,0.6239501949492421
0.64,0.2053420992622354
0.66,0.3247308366116701
0.68,0.18071165557523525
0.7000000000000001,0.09019620268258495
0.72,0.13213120182199778
0.74,0.20144026513359845
0.76,0.3762546275285193
0.78,0.3180113639836563
0.8,0.3931183605241176
0.8200000000000001,0.5195032408680899
0.84,0.20325727830919926
0.86,0.6802668333092118
0.88,0.9883764634363079
0.9,0.7730123311756592
0.92,0.7431496034449756
0.9400000000000001,1.07536582365888
0.96,1.4228958821741107
0.98,1.0345906654390478
1.0,1.2083163983223155
1.02,1.0981634027438165
1.04,2.2197380724944136
1.06,2.3506050262056966
1.08,2.35415241470735
1.1,2.357795084500819
1.12,2.2194556381523785
1.1400000000000001,2.1667253826507498
1.16,2.1104443425326553
1.18,2.272640881825838
1.2,2.231610603453751
1.22,2.3154938456400043
1.24,2.234449696468059
1.26,1.8992325714979783
1.28,1.854444306554234
1.3,1.7516871764728383
1.32,1.5651321048442046
1.34,1.5896482980540818
1.36,1.3467967455478318
1.3800000000000001,0.0
1.4000000000000001,0.256669241753522
1.42,0.03276720870084388
1.44,0.0
1.46,0.23554936945170218
1.48,0.35008987283793536
1.5,0.5682714138354938
1.52,0.39994304401682546
1.54,0.5802528455901341
1.56,0.590554320591676
1.58,0.6470018679166477
1.6,0.9592319836011821
1.62,0.95254640170927
1.6400000000000001,0.8023036554482197
1.6600000000000001,1.0195380952190656
1.68,1.1566983675158107
1.7,1.0828953750380894
1.72,1.1331061379581113
1.74,1.511249451149136
1.76,1.0614423983208865
1.78,1.1019529865922781
1.8,1.4098561700290162
1.82,1.200057009493773
1.84,1.140519479968283
1.86,0.9479114746290384
1.8800000000000001,1.142131604832767
1.9000000000000001,2.3742906591720727
1.92,2.4073105778408244
1.94,2.370749841586258
1.96,2.159526813672911
1.98,1.935897049325284
2.0,1.7722690680012974
2.02,2.084770489092601
2.04,1.684626148562007
2.06,1.84781552534025
2.08,1.6824180323158104
2.1,1.4342070835084089
2.12,1.5757736933695907
2.14,1.2544594160028428
2.16,1.5273611955095157
2.18,1.4079262095693528
2.2,1.5006147354963246
2.22,1.6325664143205052
2.24,0.8086332002182464
2.2600000000000002,0.654060001899143
2.2800000000000002,0.6794590395925384
2.3000000000000003,0.5295397887520603
2.32,0.7399838639999974
2.34,0.7268642880931339
2.36,0.6752809652243459
2.38,0.9095849052770721
2.4,1.3754112949169692
2.42,1.2971827220430512
2.44,1.3077482088713004
2.46,1.1126080205445157
2.48,1.1031751830050247
2.5,0.9517656582123373
2.52,1.32556937937406
2.54,1.1325098370141484
2.56,1.124995235842695
2.58,1.2242340283471254
2.6,0.9188172414616608
2.62,1.1844405698925102
2.64,0.7365917691919657
2.66,0.6804205192640509
2.68,0.9892893388507473
2.7,0.8122257907162249
2.72,0.7082462584214534
2.74,0.2977215674479686
2.7600000000000002,0.6114694780433922
2.7800000000000002,0.5999257329748001
2.8000000000000003,0.2414180780692939
2.82,0.12456811210947971
2.84,0.3503646486982001
2.86,0.0
2.88,0.0
2.9,0.3004923212548416
2.92,0.20687505042018445
2.94,0.5363565299957592
2.96,0.4198438421935519
2.98,0.5749154790921237
3.0,0.6390741715634642
3.02,0.6780995523974012
3.04,0.8706811682615501
3.06,1.1472157226752138
3.08,0.8406709205407333
3.1,1.1074140862534794
3.12,1.0080356158323602
3.14,1.1134481042024023
3.16,1.2890571897178442
3.18,1.186985221660104
3.2,1.435316998749346
3.22,0.9717308937210745
3.24,0.9227734405618618
3.2600000000000002,1.127686078650229
3.2800000000000002,1.181525388152339
3.3000000000000003,1.2660273572671037
3.3200000000000003,0.9661054834001876
3.34,1.0077851091204837
3.36,2.039726272275983
3.38,2.2581250037239786
3.4,2.1827256887092292
3.42,2.0028189769634204
3.44,1.8643160315766025
3.46,1.7787827086998405
3.48,1.5374871382268596
3.5,1.3540667824740937
3.52,1.61414057578041
3.54,1.4535533592549543
3.56,1.3312126451660198
3.58,1.1649287460514355
3.6,1.2001430063603857
3.62,1.5910753973632075
3.64,1.6173459785873376
3.66,1.6381073398258021
3.68,1.9516603141019462
3.7,0.8840206942050168
3.72,0.9648936070162406
3.74,0.7327636796401551
3.7600000000000002,0.9610677729250519
3.7800000000000002,1.0837191898799603
3.8000000000000003,0.7946579036516159
3.8200000000000003,1.446092627155865
3.84,1.0182836205388228
3.86,1.2693281950892532
3.88,1.2731929545274336
3.9,1.3663136135682399
3.92,1.172416760478282
3.94,1.0559129800504987
3.96,1.189612715078088
3.98,1.196324306974186
4.0,0.9707653421213691
4.0200000000000005,1.2948350765763799
4.04,0.740778936715519
4.0600000000000005,1.0911853873814297
4.08,1.1102864075253933
4.1,0.7917886648962883
4.12,0.5463145254321937
4.14,0.6931167874792034
4.16,0.6016019624661042
4.18,0.471232565803134
4.2,0.25602134655742104
4.22,0.7774406206322815
4.24,0.21813502352835745
4.26,0.04276244298479277
4.28,0.0
4.3,0.15346090363335851
4.32,0.19049514666323455
4.34,0.07442650464106992
4.36,0.30814727759545724
4.38,0.5384324676219038
4.4,0.5035339947601756
4.42,0.7871080678960891
4.44,0.800216248938684
4.46,0.9743238979115867
4.48,1.0195730648947157
4.5,1.0368743890546706
4.5200000000000005,1.2621632465599104
4.54,0.8662081168316708
4.5600000000000005,0.8834894861118671
4.58,1.0251245279762315
4.6000000000000005,1.1202229648845197
4.62,1.1573068833059232
4.64,0.9212009281935245
4.66,1.3932787501119135
4.68,1.1789000641419123
4.7,1.1847866409114776
4.72,0.9556917628706562
4.74,1.0462714351571287
4.76,0.9753129121937858
4.78,1.0215854517425502
4.8,1.0797964359257404
4.82,0.8577425224384663
4.84,0.651075931921471
4.86,0.735879226135124
4.88,0.6183939064340185
4.9,0.3706738990752964
4.92,0.4055811306245021
4.94,0.042915827828449216
4.96,0.20568296656605609
4.98,0.0
5.0,0.0
5.0200000000000005,0.21550459132249716
5.04,0.11857578151540403
5.0600000000000005,0.332764489434741
5.08,0.43940802588957756
5.1000000000000005,0.46823169496146466
5.12,0.4123271410482283
5.14,0.4999909663922665
5.16,0.6455692800176224
5.18,0.9069524150014476
5.2,1.0652977406411215
5.22,0.8303317607438895
5.24,0.936774041162555
5.26,1.0277707210930493
5.28,1.3359397485095854
5.3,1.0609596594717035
5.32,1.3296543438860755
5.34,1.1307246170244014
5.36,1.1434860157600084
5.38,1.1081156594653143
5.4,1.1443519097072181
5.42,0.9837769777753499
5.44,1.0954569994656258
5.46,0.9290920382376566
5.48,1.011940853411783
5.5,0.6779870624529137
5.5200000000000005,0.7978406542992376
5.54,0.7788086748791533
5.5600000000000005,0.6720436741902205
5.58,0.37998896411469674
5.6000000000000005,0.5933760172450545
5.62,0.24431387297493137
5.64,0.6826268763771447
5.66,0.4752434354500006
5.68,0.44760645441508995
5.7,0.06522931634887827
5.72,0.0
5.74,0.4011959388979559
5.76,0.2645158187549195
5.78,0.6091243833911095
5.8,0.6240548924717071
5.82,0.5881074962692949
5.84,0.47299608124226267
5.86,0.5801635296212616
5.88,0.7614881083678127
5.9,0.8811922582558697
5.92,0.9205249863232078
5.94,1.0457055481579622
5.96,1.2742522801544136
5.98,1.3787524765045038
6.0,0.892067548064863
6.0200000000000005,1.2403058610350925
6.04,1.3349952374455734
6.0600000000000005,1.2196447104630423
6.08,1.2770999049195342
6.1000000000000005,1.089383265949704
6.12,1.1863199203911068
6.140000000000001,1.124493951402395
6.16,1.0048627948130129
6.18,0.9912140027512154
6.2,1.077759339063639
6.22,0.9024924587328035
6.24,0.8752897837772561
6.26,0.7789353751133569
6.28,0.660516350776719
6.3,0.4769694195868961
6.32,0.3608776209702236
6.34,0.4809572258646831
6.36,0.2953876505365458
6.38,0.06852517433128139
6.4,0.06526774807029685
6.42,0.10587945435072546
6.44,0.13681620543226503
6.46,0.0
6.48,0.35168569680875755
6.5,0.08927916835200156
6.5200000000000005,0.37816585941980685
6.54,1.7284658739545056
6.5600000000000005,1.529444821732803
6.58,1.9121217553525647
6.6000000000000005,1.8741267570772122
6.62,2.212055947041998
6.640000000000001,2.2351848294840693
6.66,2.1127870891830147
6.68,2.07107254510154
6.7,2.3436345767334092
6.72,2.239942144642304
6.74,2.3256028735805323
6.76,2.3043297923625548
6.78,2.276616102949362
6.8,2.0687543253975367
6.82,2.358939231717106
6.84,2.109059314562304
6.86,2.387200757521706
6.88,1.0189140658412248
6.9,1.0710042995632891
6.92,1.227706388564278
6.94,0.9973421185430701
6.96,0.7408302001759991
6.98,0.9357299430199273
7.0,0.6964166880058253
7.0200000000000005,0.7277769012251439
7.04,0.46107349551389076
7.0600000000000005,0.472103675838649
7.08,0.5619487139157564
7.1000000000000005,0.22447846939813704
7.12,0.45925642451645243
7.140000000000001,0.21283177646303236
7.16,0.1831378328673272
7.18,0.21108433651629593
7.2,0.21531014563231127
7.22,0.5018347613857901
7.24,0.5027994051895338
7.26,0.6436371430757459
7.28,0.859341829071395
7.3,0.7008035740163183
7.32,0.9301916190412444
7.34,0.6120315293835892
7.36,1.1717900840636206
7.38,0.8462009588923102
7.4,1.0719040494521674
7.42,1.1757188002561691
7.44,1.2139125697222601
7.46,1.249220313335492
7.48,1.2750739315449864
7.5,1.5110092287121724
7.5200000000000005,1.3963044899174912
7.54,1.2843393466971487
7.5600000000000005,0.8782778276847254
7.58,1.0467523405553814
7.6000000000000005,1.3305818672754377
7.62,0.7205934666446847
7.640000000000001,0.9022215945368371
7.66,0.810884994023491
7.68,1.1571543621302325
7.7,0.6862354296502213
7.72,2.0339789409714775
7.74,1.8298720824379384
7.76,1.6003294286364107
7.78,1.7446193146561284
7.8,1.5190224124520217
7.82,1.3872053628086989
7.84,1.4030071546651186
7.86,1.2414519434316496
7.88,1.3996319822212189
7.9,1.4157121373178259
7.92,1.6114490299173034
7.94,1.7890626013726831
7.96,1.7993734046225103
7.98,2.082593819985414
8.0,2.00828691119344
8.02,2.293144193036609
8.040000000000001,2.2332076267947607
8.06,0.8090252269908992
8.08,1.1855790051519624
8.1,1.0797893664858074
8.120000000000001,1.3159042100619396
8.14,1.3664031885485055
8.16,1.085491448078571
8.18,1.2840931168097875
8.2,1.0965045837595169
8.22,1.1140541877367671
8.24,1.0682039111873467
8.26,1.4493171046855453
8.28,1.3776781373864855
8.3,1.3389459336731682
8.32,0.8826106949948171
8.34,1.11313172415923
8.36,0.9096643813880245
8.38,0.8016190327281076
8.4,0.8042552338533758
8.42,0.7768865480579298
8.44,0.6754618970958787
8.46,0.41100967760262996
8.48,0.4250574050279199
8.5,0.4833891169791882
8.52,0.49820426125165046
8.540000000000001,0.2478430168260355
8.56,0.0
8.58,0.3231196564533406
8.6,0.2870891452610443
8.620000000000001,0.2222975547803573
8.64,0.15969048933716526
8.66,0.1652990621401571
8.68,0.8030680471430048
8.700000000000001,0.7910051251457461
8.72,0.6871020719891194
8.74,0.8689762644567663
8.76,0.7250590021388134
8.78,1.1261487195134663
8.8,0.8809827183173431
8.82,0.9228757543560833
8.84,1.303207625085853
8.86,1.0258445553230646
8.88,1.1657597766561587
8.9,1.3636266160631216
8.92,1.233669300834813
8.94,1.380678807033202
8.96,1.0303453230814401
8.98,1.1605739503874866
9.0,1.2664170548914555
9.02,1.155670079942042
9.040000000000001,2.714685201982111
9.06,2.5912072061131095
9.08,2.5444878893446834
9.1,2.4466565267051616
9.120000000000001,2.5372473479883726
9.14,2.186871937787128
9.16,2.2606434512224824
9.18,2.238462780007741
9.200000000000001,2.047870157821619
9.22,2.084820439295777
9.24,1.7802688201396095
9.26,1.9095517530735666
9.28,1.872878914444391
9.3,1.6221295482706426
9.32,1.7230624344286354
9.34,1.689422707079114
9.36,2.0641475035707098
9.38,0.8031224032124099
9.4,0.5308728983095297
9.42,0.6613382542327906
9.44,0.48361428255163025
9.46,0.7243857137692042
9.48,1.0404404688768563
9.5,1.1365631009773562
9.52,1.1668376226204966
9.540000000000001,1.2663215197184228
9.56,1.086543556354596
9.58,1.0900359622881355
9.6,1.4657238171202267
9.620000000000001,1.0787818091106414
9.64,1.1882069992821946
9.66,1.1836083478713588
9.68,1.1268224483644163
9.700000000000001,1.1295194038984842
9.72,1.0998572257056205
9.74,1.1361903274775103
9.76,1.0209679667296059
9.78,1.1522975849770603
9.8,0.884370585244001
9.82,0.8321531541543229
9.84,0.8150619704706296
9.86,0.4640661252785529
9.88,0.5025110237838544
9.9,0.6165907321371185
9.92,0.4674255652972109
9.94,0.32662567198052395
9.96,0.27294348989467143
9.98,0.0
10.0,0.03134090948055815
10.02,0.011945945126449864
10.040000000000001,0.2715483944841114
10.06,0.5605450432149413
10.08,0.2274508310531777
10.1,0.7482620117489438
10.120000000000001,0.5123408498001939
10.14,0.7722567272186586
10.16,0.631681864328722
10.18,0.8061205763182326
10.200000000000001,0.7537241940740572
10.22,1.1785071719808264
10.24,1.3534929768032982
10.26,1.0101075156545472
10.28,1.0821761266404613
10.3,1.3457675120471404
10.32,1.0657684338757747
10.34,1.0034805270333496
10.36,1.3064992314922872
10.38,1.1974379089878064
10.4,1.3755895383897685
10.42,1.156072409216856
10.44,0.8625338035012413
10.46,1.3746545363182425
10.48,0.975971333048071
10.5,1.0668607820153653
10.52,0.9143222923804682
10.540000000000001,0.6425844125493032
10.56,0.48231695971886906
10.58,0.8520451970183605
10.6,0.6669686834605726
10.620000000000001,0.7628064696688023
10.64,0.41211620694647916
10.66,0.3120009074874249
10.68,0.1215749163543641
10.700000000000001,0.0
10.72,0.1400075277035675
10.74,0.10317059220857444
10.76,0.24445787980253098
10.78,0.36445086275700667
10.8,0.6363533444417196
10.82,1.5499016037413496
10.84,1.565529272458381
10.86,1.7533238482158884
10.88,2.119305466651618
10.9,1.9563348014933046
10.92,1.9980888368886787
10.94,1.9951952555391463
10.96,2.049174700707863
10.98,1.9817213036251313
11.0,2.0951923570217956
11.02,2.228622564369292
11.040000000000001,2.0402664591608883
11.06,2.204890256287849
11.08,2.0557624331787996
11.1,2.0953578502310983
11.120000000000001,2.1410861781172303
11.14,2.1803593209322925
11.16,1.0935450377028784
11.18,1.271842845058296
11.200000000000001,1.2008780244091426
11.22,0.9203170568368768
11.24,0.8562690140371647
11.26,0.6962822495168214
11.28,0.9747677203442486
11.3,0.8192514690433987
11.32,0.40335014620957466
11.34,0.44202500951249596
11.36,0.5580786622221634
11.38,0.19743052546016673
11.4,0.08247583669421325
11.42,0.19492191109886697
11.44,0.0
11.46,0.4928902571568619
11.48,0.32347374144098023
11.5,0.30538924500785025
11.52,0.05422655659508241
11.540000000000001,0.6877267568328161
11.56,0.45389849501148655
11.58,0.7970024624476472
11.6,0.8748093880942668
11.620000000000001,0.978323361756596
11.64,0.7329409725887173
11.66,0.9198105706243151
11.68,1.1527046576122442
11.700000000000001,1.2066821452941094
11.72,1.3771920966889937
11.74,1.068765934594433
11.76,0.9886067188047534
11.78,0.9606423019977066
11.8,1.2159198652376015
11.82,1.349762564151718
11.84,1.091337455783342
11.86,1.047638740371198
11.88,1.223543740168616
11.9,1.059575891760574
11.92,0.9579633563788551
11.94,0.8602815087132485
11.96,0.8799898954591003
11.98,0.7432536836209269
12.0,0.7838529265082056
12.02,0.5004256913884384
12.040000000000001,0.5614648717376057
12.06,0.3086938003254303
12.08,0.137647232905691
12.1,0.3403625461930627
12.120000000000001,0.10164335120639617
12.14,0.0
12.16,0.0
12.18,0.13308201174662376
12.200000000000001,0.4771972129569889
12.22,0.4349906494772262
12.24,0.655291060232597
12.26,0.6858825770936434
12.280000000000001,0.8640336577243078
12.3,0.7920367608686212
12.32,0.9642511565658082
12.34,0.6595277868798256
12.36,1.0288892452247382
12.38,0.7367642128271455
12.4,1.223030134566935
12.42,1.5310339171849796
12.44,1.1216315536320434
12.46,1.4021278593047803
12.48,1.3281179012375561
12.5,1.1669354998916341
12.52,1.1247865078062438
12.540000000000001,1.2634672030761107
12.56,1.1835317089081885
12.58,1.1515756331727975
12.6,1.0666235786378144
12.620000000000001,0.9849266539956713
12.64,0.8436588483076541
12.66,0.684547037685746
12.68,0.8285763913923937
12.700000000000001,0.813681123951687
12.72,0.4675452495973116
12.74,0.4796202806702736
12.76,0.2577059075193428
12.780000000000001,0.5163631296798763
12.8,0.4584133672439892
12.82,0.11378307572579639
12.84,0.07357346953088083
12.86,0.06307694839553615
12.88,0.08296099704321466
12.9,0.30594568520243476
12.92,0.5961402600524137
12.94,0.5783169342793758
12.96,0.6457845736668835
12.98,0.8933093671143797
13.0,0.5150114217046102
13.02,0.8400153602542064
13.040000000000001,0.6166018149581807
13.06,1.1957183049390694
13.08,1.1069461438853454
13.1,1.040252292758497
13.120000000000001,1.0300508131615134
13.14,1.051619455446079
13.16,1.124412418596367
13.18,0.949907840951228
13.200000000000001,1.1225973566246759
13.22,1.1213367580159492
13.24,1.0639474033533562
13.26,1.0950786437072026
13.280000000000001,1.1105501612385862
13.3,1.1506148360088355
13.32,1.1947458315880326
13.34,0.9617327421606658
13.36,0.6652549940015973
13.38,0.8625400128336925
13.4,0.7031018283818071
13.42,0.7397423814491925
13.44,0.4348145635616414
13.46,0.4402336089976615
13.48,0.3397700148880193
13.5,0.41582378164840206
13.52,0.14580780980862967
13.540000000000001,0.03978902222955977
13.56,0.007754643510704644
13.58,0.08246031101745435
13.6,0.030249253949212435
13.620000000000001,0.018916427568731436
13.64,0.20558321410894334
13.66,0.4437712859172806
13.68,0.5845744631547637
13.700000000000001,0.851839867489967
13.72,0.5375142257666556
13.74,0.6842628803056863
13.76,1.0024359010565407
13.780000000000001,0.8236630014199907
13.8,1.0585674584823286
13.82,1.164072241652996
13.84,1.074821023438905
13.86,1.2389345452934186
13.88,1.4139114179678693
13.9,1.2901026438219174
13.92,1.2917315427758984
13.94,1.3990651199651136
13.96,1.3787560197019844
13.98,1.3954756433667965
14.0,1.0622775873256212
14.02,1.0646045253636567
14.040000000000001,0.9604418343292778
14.06,0.9517844705345104
14.08,0.7463811752980938
14.1,0.709266791294294
14.120000000000001,0.7665150020083786
14.14,0.46612897775424883
14.16,0.5295481716965186
14.18,0.3585925343615214
14.200000000000001,0.5707337644803581
14.22,0.4984102707187156
14.24,0.3068191287122805
14.26,0.23674926549252878
14.280000000000001,0.23339268926136036
14.3,0.19258694134375864
14.32,0.25084497284109075
14.34,0.8828319607837924
14.36,0.959295756509533
14.38,1.3100076503037998
14.4,1.5534790453911196
14.42,1.522039285025671
14.44,1.614007627414594
14.46,1.4795342849038866
14.48,1.6359895641176434
14.5,2.014362266268262
14.52,1.806406178480767
14.540000000000001,1.865810956817731
14.56,1.8191244874384005
14.58,2.2287423712091305
14.6,1.870337989835372
14.620000000000001,2.13676784348767
14.64,1.8138673240789531
14.66,1.7338001542234043
14.68,1.2040971131826794
14.700000000000001,1.0910638094756073
14.72,1.2938531281947971
14.74,1.1882908799147491
14.76,1.2259634967223314
14.780000000000001,0.974904535810383
14.8,0.9024135442187824
14.82,0.8296383999675137
14.84,1.1132657003108408
14.86,0.6228187187622088
14.88,0.7901479073954806
14.9,0.24388497574425672
14.92,0.09464831173996918
14.94,0.3046508822997214
14.96,0.07504977628062315
14.98,0.0
15.0,0.28056374017591335
15.02,0.2866552777487617
15.040000000000001,0.3750860273943658
15.06,0.3424380580719546
15.08,0.5400311960112685
15.1,0.3934799522443606
15.120000000000001,0.6501643633025951
15.14,0.7446088811119752
15.16,0.9887375653781296
15.18,0.9589035776967205
15.200000000000001,0.8128429011427307
15.22,0.8670560558023948
15.24,1.2958469859219148
15.26,0.9686224876950109
15.280000000000001,0.9925667097774438
15.3,1.2038582471857588
15.32,0.9431683353090067
15.34,0.9761475557915482
15.36,1.310789774761112
15.38,1.2804198568748468
15.4,1.247088611681884
15.42,1.5093117154881976
15.44,1.240125607039925
15.46,1.251125891657781
15.48,0.8620504330537695
15.5,0.9270385714828951
15.52,0.7585140012943943
15.540000000000001,0.8756139615118471
15.56,0.8190434631454391
15.58,0.6022041860093991
15.6,0.5737884319349744
15.620000000000001,0.58680003724298
15.64,0.4364067032452702
15.66,0.38504184238865974
15.68,0.16409788783061247
15.700000000000001,0.0
15.72,0.0
15.74,0.003271282545375842
15.76,0.33059120417469934
15.780000000000001,0.41581510319787784
15.8,0.40070087251479025
15.82,0.555790951640313
15.84,0.39671734193889835
15.860000000000001,0.7340469605083058
15.88,0.8467348842349435
15.9,0.7280705742608571
15.92,1.0127130328678862
15.94,0.850334444287153
15.96,1.145105252326695
15.98,1.1169304570538041
16.0,1.274170397374465
16.02,1.2979192985061385
16.04,1.4117203398543265
16.06,1.138501178054764
16.080000000000002,1.327667520664417
16.1,1.1465706881945745
16.12,1.1831096690090683
16.14,1.131637039874432
16.16,0.9802045881231176
16.18,1.0964124678730143
16.2,1.1960844910335708
16.22,0.9126168351778394
16.240000000000002,1.050690456939002
16.26,0.4186238466458565
16.28,0.9751484194768455
16.3,0.4706416190991922
16.32,0.6214108402400599
16.34,0.6722716984831465
16.36,0.13882062686538768
16.38,0.31263594235394804
16.4,0.3553991109140411
16.42,0.06405907748845407
16.44,0.04537706229935759
16.46,0.17125103248805532
16.48,0.3088877503111685
16.5,0.45633667529062
16.52,0.5551995820763713
16.54,0.4727519562672592
16.56,0.5939004978694136
16.580000000000002,0.8803140342163167
16.6,1.0417662074157423
16.62,0.8848100078881634
16.64,0.9183205050168273
16.66,1.0951863869278917
16.68,1.2252244873874725
16.7,1.145005259279926
16.72,1.1749409702856837
16.740000000000002,1.3177060364561757
16.76,1.2708145591710924
16.78,1.3658679482411824
16.8,1.2169070530531472
16.82,1.1602391691014724
16.84,1.1278512517229453
16.86,0.961167466546662
16.88,1.185715611343977
16.9,0.9783918246533385
16.92,1.2279595951857583
16.94,0.8022232470009099
16.96,0.8672196644619374
16.98,0.6690430569306468
17.0,0.7011887705478904
17.02,0.4656854186917936
17.04,0.37060169683989697
17.06,0.4103989456543129
17.080000000000002,0.41755800873832377
17.1,0.4665873852456844
17.12,0.3420445061865758
17.14,0.0
17.16,0.0437186526231478
17.18,0.49966768246493865
17.2,0.2201974218146761
17.22,2.0890399963600235
17.240000000000002,2.147294143511696
17.26,2.40472448140886
17.28,2.5574052919448422
17.3,2.5178910477716894
17.32,2.4723884217055603
17.34,2.775260347865079
17.36,2.7378701681174173
17.38,2.5711068652671294
17.400000000000002,2.6807823474027463
17.42,3.0466952581846702
17.44,3.103294633112682
17.46,2.90989962493782
17.48,3.046049218880726
17.5,3.073834288585957
17.52,2.8754236391122565
17.54,2.8705200772791137
17.56,1.230684010087259
17.580000000000002,1.2373981324351968
17.6,0.9429986868912492
17.62,0.9983407374157418
17.64,1.0922038619292354
17.66,1.1456029844717357
17.68,0.8067187020798189
17.7,0.6566446490562671
17.72,0.6059294219357642
17.740000000000002,0.5295035664246268
17.76,0.48046810892506975
17.78,0.2017715191940678
17.8,0.4174350712592936
17.82,0.0
17.84,0.0
17.86,0.0
17.88,0.20935779682268657
17.900000000000002,0.10834877342778274
17.92,0.3822138080914907
17.94,0.4373282791598111
17.96,0.26891039335586286
17.98,0.8029257056973684
18.0,0.6819625978145162
18.02,0.7986121661866542
18.04,0.6512544646642705
18.06,0.9171020275273273
18.080000000000002,1.1287166236159876
18.1,1.0153343545029765
18.12,0.967149418138522
18.14,1.1283177222474026
18.16,1.161691733481836
18.18,1.3204811524623385
18.2,1.3662932931455924
18.22,1.376512307614437
18.240000000000002,1.199495522120537
18.26,1.4410471179654798
18.28,0.8521332771398729
18.3,1.2130739371348476
18.32,1.024151241593382
18.34,0.7568056527632091
18.36,2.4837405451922665
18.38,2.5959652879511212
18.400000000000002,2.525165954115907
18.42,2.3471153848744066
18.44,2.359541485627778
18.46,2.1484743225522696
18.48,2.237296042203075
18.5,2.084030560837304
18.52,1.7700429186678766
18.54,1.8584423697902084
18.56,1.8509731189728642
18.580000000000002,1.60504134785554
18.6,1.604473512647668
18.62,1.8503056973749021
18.64,2.118751076581173
18.66,2.053827927899068
18.68,2.3194260424536424
18.7,0.40804068366179647
18.72,0.5858916269670011
18.740000000000002,0.8767143320289396
18.76,0.9277123675868827
18.78,0.9131766938824707
18.8,0.9166003580234712
18.82,1.2000165924787909
18.84,1.0733458795040467
18.86,1.3841130422207715
18.88,1.171011832838043
18.900000000000002,1.1940393015284665
18.92,1.1238753551643028
18.94,1.3669163641514994
18.96,0.9863167022656962
18.98,1.285384645748628
19.0,1.0871286525324777
19.02,0.9262048635720269
19.04,1.0902639028042933
19.06,0.8739139428460928
19.080000000000002,1.143270261578918
19.1,0.7890129705399508
19.12,0.6310380754961256
19.14,0.5313860402632598
19.16,0.8650049884623168
19.18,0.5707236479871969
19.2,0.3713011500394625
19.22,0.44631173109226874
19.240000000000002,0.2313807696215648
19.26,0.1291912014572795
19.28,0.17885067750995104
19.3,0.1873289914312011
19.32,0.0
19.34,0.2924766950675012
19.36,0.5177885817986204
19.38,0.5327378730816056
19.400000000000002,0.6022016248071628
19.42,0.3550161340036872
19.44,0.9165279420487717
19.46,0.7295545156438823
19.48,0.908776476828289
19.5,1.0999163651179584
19.52,1.1917262129031387
19.54,0.9632714943378237
19.56,1.187700669741252
19.580000000000002,1.0911935242451347
19.6,1.1686871135788734
19.62,1.2083910098780977
19.64,1.3669746552632187
19.66,1.1309676492053962
19.68,1.4294921199591162
19.7,1.2186752413446396
19.72,0.783622361293359
19.740000000000002,1.0880180975758402
19.76,0.7894815523282526
19.78,1.0427386823400777
19.8,0.9282404971763583
19.82,0.859154701644728
19.84,1.1140360349666887
19.86,0.6373362894074237
19.88,0.6714692897286099
19.900000000000002,0.9853663896594336
19.92,0.5843151496560659
19.94,0.36105350110606854
19.96,0.29015977740158166
19.98,0.08248036423323904
20.0,0.13135118893756223
20.02,0.0
20.04,0.24034120685570648
20.06,0.21047702834296045
20.080000000000002,1.9673279028946595
20.1,2.1933483239647926
20.12,1.8889133543617822
20.14,2.1817047843899786
20.16,2.325610457747406
20.18,2.245339725713983
20.2,2.43559943267965
20.22,2.5861520726305915
20.240000000000002,2.565464159260175
20.26,2.503539353999871
20.28,2.765658598258499
20.3,2.888426817628123
20.32,2.6941694081988348
20.34,2.8436072130409875
20.36,2.733496015839452
20.38,2.4880003529491383
20.400000000000002,2.7889136004423425
20.42,1.3361300886616996
20.44,1.319847819558034
20.46,1.0699250194055234
20.48,1.441887737842245
20.5,1.0739417365345005
20.52,0.9150314128268625
20.54,0.6554542372006222
20.56,0.6291943572021406
20.580000000000002,0.5791434842951773
20.6,0.39288059577475115
20.62,0.7502011529141734
20.64,0.5058230108696546
20.66,0.0
20.68,0.19151602080670743
20.7,0.12312432332869098
20.72,0.04077710068680731
20.740000000000002,0.5539010607121105
20.76,0.1423671844703318
20.78,0.597202032372151
20.8,0.42912551679993177
20.82,0.8806666685937372
20.84,0.18386877729619866
20.86,0.7544277262469508
20.88,1.109746922761392
20.900000000000002,0.967996351945395
20.92,0.7707792678942477
20.94,0.7411290604325314
20.96,0.9413993439868842
20.98,0.9238917648202908
21.0,0.9373955028778561
21.02,1.428095845477987
21.04,1.1889210621632096
21.06,1.0605598866906076
21.080000000000002,1.0284066734715724
21.1,0.9829896803020065
21.12,1.2564204988482912
21.14,1.188996772535641
21.16,0.9894498714637767
21.18,1.3209472739123331
21.2,0.8772901614942854
21.22,0.8561676132523844
21.240000000000002,0.9171476119618309
21.26,0.6486461463572585
21.28,0.7942903788947293
21.3,0.42878997943438957
21.32,0.4243075631225208
21.34,0.6946836117279898
21.36,0.3812600549466758
21.38,0.31650315129777223
21.400000000000002,0.07086738231918248
21.42,0.17048688164421452
21.44,0.041879598348712174
21.46,0.010089178071423288
21.48,0.49854153447563476
21.5,0.41785076388845277
21.52,0.6380175869064654
21.54,0.5319598978284876
21.56,0.52521927422967
21.580000000000002,0.8112516233385622
21.6,0.8952144652728607
21.62,0.9717253161627812
21.64,1.0657704152231002
21.66,0.9157553089569221
21.68,1.3631676445484682
21.7,1.2204575924127805
21.72,1.283338822018971
21.740000000000002,0.8944662362126865
21.76,0.9552128180369159
21.78,1.044986435381916
21.8,0.9486383647335412
21.82,1.142165192293854
21.84,1.2274750579472757
21.86,1.1780794521719133
21.88,1.2072407936072822
21.900000000000002,1.4328094865001275
21.92,0.8123247713960281
21.94,0.8061102652886674
21.96,1.0279297798100622
21.98,0.6993729811260005
22.0,0.5025931396283201
22.02,0.48698235175910665
22.04,0.5600361155318614
22.06,0.4392381427868245
22.080000000000002,0.32975912807923363
22.1,0.2764401290342095
22.12,0.18488633657886222
22.14,0.0
22.16,0.0
22.18,0.30428524228652765
22.2,0.3574336083475759
22.22,0.20443521987558647
22.240000000000002,0.4773995030340576
22.26,0.6220745192491065
22.28,0.483748209445288
22.3,0.3270637519799923
22.32,0.6972800322755419
22.34,1.0706801929073246
22.36,0.7722568594636434
22.38,1.067651338808324
22.400000000000002,0.8999292152693245
22.42,1.0488653477033303
22.44,1.470560510988257
22.46,1.2643646307281624
22.48,1.469837484863297
22.5,0.8141100386205655
22.52,1.19637666241933
22.54,1.3059085795828762
22.56,1.2159531283447922
22.580000000000002,1.1384053448866946
22.6,0.9548447155374473
22.62,2.336060851884614
22.64,1.9921690970285997
22.66,2.2584356289304126
22.68,1.9499780576524626
22.7,2.0365799472928927
22.72,1.6067829095132522
22.740000000000002,1.6978375912473609
22.76,1.7156914057647519
22.78,1.3615365860008835
22.8,1.2207190615010273
22.82,1.1968461613366674
22.84,1.0986743610954373
22.86,1.376723712710546
22.88,0.8801295299576949
22.900000000000002,1.2166272474835769
22.92,1.6555456408430156
22.94,1.4918132885884827
22.96,0.7372721692796332
22.98,0.6166001903457705
23.0,0.6371450289157363
23.02,1.0573795673118753
23.04,0.959721736033884
23.06,0.9243265909198448
23.080000000000002,0.8171649554484913
23.1,1.0151204258681505
23.12,0.9872002532105185
23.14,0.9763668192798132
23.16,1.3283003751667577
23.18,1.0198247640792621
23.2,1.001351165385062
23.22,1.3737955600192282
23.240000000000002,1.184153267454926
23.26,0.8767938782030857
23.28,1.2172392838003374
23.3,0.9719846971640429
23.32,1.0589342880062946
23.34,1.0954011820615355
23.36,1.2427922812876335
23.38,0.9916877624947925
23.400000000000002,0.6461004885031856
23.42,0.940373863523407
23.44,0.5656100081621392
23.46,0.4072232732104834
23.48,0.5541876319451307
23.5,0.4305317195150993
23.52,0.059176548201161416
23.54,0.2854741170244119
23.56,0.03892401663191724
23.580000000000002,0.3247818523789064
23.6,0.0
23.62,0.16421952211243304
23.64,0.5312336426229232
23.66,0.48013551068385424
23.68,0.5085791081864434
23.7,0.7127783092264228
23.72,0.33354109820558114
23.740000000000002,0.8494028351284828
23.76,0.817160304197445
23.78,0.6875340746497289
23.8,1.1017129721240266
23.82,1.0095088732016955
23.84,1.2953721657054575
23.86,1.2205142255658543
23.88,1.180951020494198
23.900000000000002,1.1961349431214574
23.92,1.3556032392382624
23.94,0.9397481330116879
23.96,1.4182808305705255
23.98,1.2718600325671425
24.0,1.3980020151898254
24.02,1.0534539420568805
24.04,1.000731953885428
24.060000000000002,0.8619781260554683
24.080000000000002,1.0653300241730428
24.1,0.7576850161942313
24.12,0.9102435158965536
24.14,0.7697970303127296
24.16,0.5878834547336574
24.18,0.5287786121578888
24.2,0.5682700771646719
24.22,0.3180245350830851
24.240000000000002,0.3346785630353076
24.26,0.0
24.28,0.0
24.3,0.0
24.32,0.3310384847854384
24.34,0.19989363477526503
24.36,0.4759194121433373
24.38,0.4043225027724125
24.400000000000002,0.4198196815358556
24.42,0.6262817324463987
24.44,0.717719388575651
24.46,0.9367114320072898
24.48,1.0236573388098122
24.5,1.107747669015313
24.52,1.2395165265896664
24.54,1.1004549903591738
24.560000000000002,0.9116555874876093
24.580000000000002,0.9853554480916926
24.6,1.1324570597263783
24.62,1.383652322089016
24.64,1.058974382074835
24.66,1.0262341598171276
24.68,1.2446099307466127
24.7,1.0798264857498094
24.72,1.2895449003178696
24.740000000000002,1.022684484745161
24.76,1.0155428597387484
24.78,0.9792747941980926
24.8,0.8986360353856497
24.82,0.7461414574165459
24.84,0.6331120492500317
24.86,0.7718449414013955
24.88,0.5610830962738212
24.900000000000002,0.4976268912415934
24.92,0.20583868407120745
24.94,0.30571970966666434
24.96,0.272805182530185
24.98,0.20680673373311592
25.0,0.28515128460301176
25.02,0.04508371742277294
25.04,0.20342462871227904
25.060000000000002,0.14308821869773816
25.080000000000002,0.18370956006094785
25.1,0.6461901407798009
25.12,0.3968165518815233
25.14,0.7308146323549413
25.16,0.8936052352847079
25.18,1.1192709064851547
25.2,1.0565171402510052
25.22,1.150049117885828
25.240000000000002,1.1549408446004517
25.26,1.2605957642720207
25.28,1.0330437412588578
25.3,1.4969206676627895
25.32,1.1013609000788447
25.34,1.106869926243707
25.36,1.4078350445999814
25.38,1.5520809643627174
25.400000000000002,1.3153884388763255
25.42,1.2890890413813767
25.44,1.035991703700644
25.46,1.041657081808579
25.48,0.8834951071429491
25.5,0.859121098666397
25.52,1.173567235272771
25.54,0.6287890833388403
25.560000000000002,0.8926078364919444
25.580000000000002,0.8510881104182275
25.6,0.5555572802010873
25.62,0.5195761950263896
25.64,0.0
25.66,0.31654798590940353
25.68,0.04664107763448053
25.7,0.0
25.72,0.1002418973706447
25.740000000000002,0.004218311496794552
25.76,0.2191255796448504
25.78,0.33325856710170826
25.8,0.5424418311801905
25.82,0.5037892618241556
25.84,0.5806367912605795
25.86,0.6473988810904455
25.88,0.7666850078028964
25.900000000000002,1.0134739285591516
25.92,1.0730713351563135
25.94,0.9330505142642302
25.96,1.0522953382290081
25.98,1.0681097541841305
26.0,0.9677327060251601
26.02,1.490541463831366
26.04,1.0754919226321522
26.060000000000002,1.2907737631791565
26.080000000000002,1.2116577540040416
26.1,1.343044032465426
26.12,0.8172951017917245
26.14,1.2563200975065263
26.16,1.1946441439975466
26.18,0.6705983487246489
26.2,1.0553621164602578
26.22,1.0495578148703313
26.240000000000002,0.7057276831515216
26.26,1.9699931182574597
26.28,1.9327698544346748
26.3,1.7585355916308418
26.32,1.736105242876654
26.34,1.9644636662317545
26.36,1.6848371817779881
26.38,1.5308165350402232
26.400000000000002,1.5197897915027667
26.42,1.1612165685350293
26.44,1.0794113906079972
26.46,1.348018962522941
26.48,1.5348462234114821
26.5,1.6476635346468407
26.52,1.6377624577661243
26.54,1.5310167383522404
26.560000000000002,1.9533235111524423
26.580000000000002,1.8441372067590316
26.6,0.7095538215855014
26.62,1.0165514832605425
26.64,0.9586231203504315
26.66,1.2638572562142854
26.68,1.9210559497447328
26.7,1.9711931981665165
26.72,1.9792852963608731
26.740000000000002,2.049390193411139
26.76,2.0107230109416974
26.78,2.0562650781837193
26.8,2.009569996202088
26.82,2.1240710215548355
26.84,2.1525377384837654
26.86,1.9405260972098333
26.88,1.9102020833583682
26.900000000000002,2.002634189314102
26.92,2.1166723024069958
26.94,1.6961000704645752
26.96,1.7110620605631413
26.98,1.7080274665003166
27.0,1.9539577718132426
27.02,0.47813393125783826
27.04,0.8359829074759593
27.060000000000002,0.582180930902777
27.080000000000002,0.37540103414112125
27.1,0.0
27.12,0.007401428556120068
27.14,0.0
27.16,0.2399458213628184
27.18,0.15169555149522318
27.2,0.39342038764535947
27.22,0.4329082681563335
27.240000000000002,0.42600147308412567
27.26,0.6550954027987004
27.28,0.7644666784211595
27.3,0.6411345736260178
27.32,0.8625599825912038
27.34,1.2100882438492513
27.36,1.1346814904163263
27.38,1.3264514149043358
27.400000000000002,1.101750554301217
27.42,1.05185656763334
27.44,1.034094307395056
27.46,1.0985310626572282
27.48,1.5872753358860183
27.5,1.0081812150258946
27.52,1.0013837578836937
27.54,0.9180676551060065
27.560000000000002,1.1577747502525222
27.580000000000002,1.1241185931218303
27.6,1.055591822760064
27.62,1.0897382375411113
27.64,0.9858170025669223
27.66,0.7346126440332968
27.68,0.809217237060731
27.7,0.9676160977135887
27.72,0.5693046957372698
27.740000000000002,0.7097274627646131
27.76,0.4514605250197888
27.78,0.5095387176759651
27.8,0.32121905915244053
27.82,0.1370782976865197
27.84,0.042510999043368004
27.86,0.05126504744626936
27.88,0.17107099430284567
27.900000000000002,0.3877789345532994
27.92,0.07625466067433295
27.94,0.42572590643857966
27.96,0.5183574916489088
27.98,0.6272324419601149
28.0,0.5524102625395284
28.02,0.6380288201487366
28.04,0.935310529521902
28.060000000000002,0.9666530859043754
28.080000000000002,1.1467774180452817
28.1,0.6815137990705014
28.12,1.2849905712491152
28.14,1.1566608617039922
28.16,1.263313879291499
28.18,1.371480719367008
28.2,1.3399015269224663
28.22,1.1607860123474552
28.240000000000002,1.1458990104925446
28.26,1.2373543355913617
28.28,1.1847570434006138
28.3,1.2843705098737137
28.32,0.6984042202091907
28.34,1.0537745667131444
28.36,1.2094097383400506
28.38,1.0153705977960135
28.400000000000002,0.8592190400921305
28.42,0.9005956018175704
28.44,0.48599955981347476
28.46,0.5737377494817232
28.48,1.1233945120195674
28.5,1.1264773473040492
28.52,0.8057574617649247
28.54,0.6780307749491612
28.560000000000002,0.568231473001531
28.580000000000002,0.6192095049458033
28.6,0.56618392955608
28.62,0.8867813538096154
28.64,1.030980842035265
28.66,1.2082479787950746
28.68,1.3498601542859352
28.7,1.0199629462110873
28.72,1.4206125336009205
28.740000000000002,1.2322930738803606
28.76,1.3255113711016608
28.78,1.6139133215994381
28.8,1.5496511101669377
28.82,1.2873351127170731
28.84,1.0637771126317066
28.86,1.2996670474706467
28.88,1.2529572230736576
28.900000000000002,1.4084752309108461
28.92,1.2366421670699501
28.94,1.2272767739878274
28.96,1.0495575534681356
28.98,1.1014222943019532
29.0,1.1034410111985067
29.02,0.8596625125191786
29.04,1.0098532553939066
29.060000000000002,0.8816911976038776
29.080000000000002,0.9376843132068665
29.1,0.8333585948399603
29.12,1.1185632503447698
29.14,0.5549963937359699
29.16,0.42531481694585827
29.18,0.3048028491521726
29.2,0.41299254274694047
29.22,0.448259425263257
29.240000000000002,0.3000563151461269
29.26,0.19148635862015306
29.28,0.40469766426028997
29.3,0.3118338465941168
29.32,0.431497263269559
29.34,0.32150927767594384
29.36,0.4453190429569971
29.38,0.7204021205467076
29.400000000000002,0.5096861888497409
29.42,0.7383205865766526
29.44,0.45976186473055164
29.46,0.5959317170059697
29.48,0.8568299735604045
29.5,1.1162246287659767
29.52,0.8381594350421656
29.54,1.1861984151758287
29.560000000000002,1.198337678973597
29.580000000000002,1.0165680459533828
29.6,1.1724899828316044
29.62,1.3845428939475983
29.64,1.4750301080461514
29.66,1.2836053994434462
29.68,1.3155995173424015
29.7,0.8698816905302108
29.72,1.1255578840838398
29.740000000000002,1.0010680731442492
29.76,1.0795262840179116
29.78,1.1182365103436118
29.8,0.760445225218974
29.82,0.9940587857095898
29.84,0.6235701042222004
29.86,0.39276599770376447
29.88,0.7413779707430125
29.900000000000002,0.7471576147754921
29.92,0.6167432263626491
29.94,0.23052356345708713
29.96,0.2876508669360127
29.98,0.0
30.0,0.021136109882971307
30.02,0.3208578297696498
30.04,0.5124370118019423
30.060000000000002,0.11584144900020488
30.080000000000002,0.3896281694401833
30.1,0.5344271666318282
30.12,0.6618371420824966
30.14,0.8269951033366953
30.16,0.6556761126500872
30.18,0.898198317366669
30.2,0.7790621556043217
30.22,1.3056359071091848
30.240000000000002,0.7751471821722294
30.26,0.7729558307657103
30.28,0.9295289463283848
30.3,1.0853787363400567
30.32,1.205567516399613
30.34,1.271905555473868
30.36,1.2059362488131993
30.38,1.255137764111943
30.400000000000002,1.2308965831653331
30.42,0.8593506455404786
30.44,0.9459508336445906
30.46,1.1029303900248242
30.48,0.9073982121139603
30.5,0.9047283776679403
30.52,0.8979907335353046
30.54,0.9458599269428526
30.560000000000002,0.9089694543028989
30.580000000000002,0.8120477627722886
30.6,0.5542867370326784
30.62,0.9129852952382209
30.64,0.434035449633029
30.66,0.27339446082159874
30.68,0.11597656415584921
30.7,0.19327592659241016
30.72,0.16317862448540296
30.740000000000002,0.1527628929833227
30.76,0.1911405132305159
30.78,0.2650201551981218
30.8,0.583115671558448
30.82,0.8539507229058352
30.84,0.5369843053538792
30.86,0.5297208970767396
30.88,0.672806710181779
30.900000000000002,1.0023589395329504
30.92,0.82956569535526
30.94,2.2551372231993123
30.96,2.47080402269053
30.98,2.181521770894457
31.0,2.344504464475328
31.02,2.37957444790567
31.04,2.4858062025011853
31.060000000000002,2.522801035668235
31.080000000000002,2.1618644512366125
31.1,2.5316959821960006
31.12,2.3121834538428785
31.14,2.166290418543812
31.16,2.3351894106166324
31.18,2.2959974846541717
31.2,2.38219338271501
31.220000000000002,2.054746608825771
31.240000000000002,2.281378811965965
31.26,2.10303521214794
31.28,0.654319680883404
31.3,0.6790953653205676
31.32,0.6459666585764718
31.34,0.5814063897049339
31.36,0.3646544448684538
31.38,0.2719140489648576
31.400000000000002,0.32001057079557
31.42,0.11273044453469139
31.44,0.0
31.46,0.01533124796837132
31.48,0.3351998907194795
31.5,0.4337682457788884
31.52,0.4180234882514888
31.54,0.6386936458887027
31.560000000000002,0.7433752631819742
31.580000000000002,0.5877060103053726
31.6,1.090519864656072
31.62,0.825391415570469
31.64,1.0208615663757383
31.66,0.7998835970325626
31.68,0.8594358837143091
31.7,0.9840455318445424
31.720000000000002,0.9254407506194046
31.740000000000002,1.0444254992169173
31.76,1.1919891932694995
31.78,1.1364999455516966
31.8,1.2691672989477485
31.82,1.2694626127232984
31.84,1.1008230986446605
31.86,0.9864741376813726
31.88,1.2033485135468773
31.900000000000002,0.8960700054826828
31.92,1.0279234033971378
31.94,0.9552074025961771
31.96,0.979028335497592
31.98,0.5733289134423863
32.0,0.8550636875935126
32.02,0.7512479407736915
32.04,0.5640763573847801
32.06,0.43051697313077264
32.08,0.4482821847092353
32.1,0.0
32.12,0.2950224304644427
32.14,0.0
32.160000000000004,0.14978662997447106
32.18,0.0
32.2,0.22738610276800678
32.22,0.4369590865859842
32.24,0.23367674177080466
32.26,0.7911445498991502
32.28,0.8117134950147789
32.3,0.9670978954807781
32.32,0.9409981173216716
32.34,0.9752138436477228
32.36,0.9216710198572398
32.38,1.0686079221807991
32.4,1.0948320653965378
32.42,1.359229635288885
32.44,1.0059281766926151
32.46,1.1811087016593793
32.480000000000004,1.19139282437768
32.5,1.2145308848486707
32.52,1.0975193135955854
32.54,1.262823199048631
32.56,1.2321651342903415
32.58,0.9645330124605181
32.6,0.8374193238737455
32.62,1.1309356865831117
32.64,0.8250970324108562
32.660000000000004,0.9611058726294738
32.68,0.8038487627146927
32.7,0.7965056906976443
32.72,0.5278392139418594
32.74,0.459413230652601
32.76,0.6062277929369795
32.78,0.03438316379219586
32.8,0.44320010691963485
32.82,0.28518141690840915
32.84,0.20764782657681813
32.86,0.0
32.88,0.021161396558402462
32.9,0.10621451413924708
32.92,0.3022991448375364
32.94,0.6010235260718643
32.96,0.6602048556801801
32.980000000000004,1.5922136596487981
33.0,1.3889949271211506
33.02,1.9058240850452677
33.04,1.5219059852270351
33.06,1.9054101152243414
33.08,1.92407431580946
33.1,1.7276810800671372
33.12,1.813868040629525
33.14,1.855884854178119
33.160000000000004,1.8640743542336247
33.18,2.0851211818703588
33.2,2.202110905913242
33.22,1.9161013368261042
33.24,2.0959606530585773
33.26,1.9524553537131817
33.28,2.413410415741524
33.3,2.1664949944064564
33.32,1.1991970710229234
33.34,1.1356619422241583
33.36,1.0837598499318135
33.38,0.7624053724553453
33.4,0.9353710568334169
33.42,0.48955416575021776
33.44,0.4694926049321324
33.46,0.5981319539821399
33.480000000000004,0.525691720842748
33.5,0.3400618190289889
33.52,0.4168683544505552
33.54,0.08312303058617096
33.56,0.25788972581616953
33.58,0.10552671142806386
33.6,0.2042853986153502
33.62,0.1458480621913909
33.64,0.17048668115651178
33.660000000000004,0.5716454482130875
33.68,0.48501166290493153
33.7,0.3181863468350601
33.72,0.7876932740347948
33.74,0.7455028185415489
33.76,0.8785475948375169
33.78,0.9302192054403388
33.8,0.7133866788364636
33.82,1.0713318377763321
33.84,1.2493259357460715
33.86,1.0688930913097086
33.88,1.3268711864887404
33.9,1.1927990459759534
33.92,1.2361015665371964
33.94,1.2563863386008451
33.96,1.1254201768986754
33.980000000000004,1.5036458474253074
34.0,1.2203060148547171
34.02,1.0310632353962488
34.04,1.1569789344676968
34.06,1.7336328535094967
34.08,1.6361204753025367
34.1,1.5642834555798906
34.12,1.5766465479854979
34.14,1.204628524324475
34.160000000000004,1.2026923627916903
34.18,1.027741189564768
34.2,0.9274482009600926
34.22,0.6550418000418785
34.24,0.8809721865535198
34.26,0.746117171125924
34.28,0.5460069285289633
34.300000000000004,0.6994906906154931
34.32,1.0939950641426035
34.34,1.0860028221597668
34.36,0.7310105312390958
34.38,1.1201012589550186
34.4,0.7521116254909583
34.42,0.67521654190948
34.44,0.7901636939140627
34.46,0.8632629921150939
34.480000000000004,0.7566369411293882
34.5,1.0650850367479352
34.52,1.1782923967132375
34.54,1.0053293428095116
34.56,1.1573067055443664
34.58,1.0676531043516062
34.6,1.243400410009961
34.62,1.4158706975628979
34.64,1.3781502247570505
34.660000000000004,0.9482161683050478
34.68,1.0755484751895967
34.7,1.0873839919767199
34.72,1.2488432432619185
34.74,1.0844879800207494
34.76,1.049289185687496
34.78,0.8245172014766255
34.800000000000004,1.1367518657800981
34.82,0.9220666317410154
34.84,0.5175963097353626
34.86,0.8873217587581158
34.88,0.45480599040477243
34.9,0.5684398529445738
34.92,0.3162229326407554
34.94,0.2627680400652149
34.96,0.44470700557420684
34.980000000000004,0.0838724064460401
35.0,0.0
35.02,0.10120142304201916
35.04,0.25525762211193115
35.06,0.4875001795379056
35.08,0.5587451374501194
35.1,0.5790314797079518
35.12,0.7788817630789219
35.14,0.7169307411241309
35.160000000000004,0.9097761464309201
35.18,0.986018269535912
35.2,0.988267665352792
35.22,1.0326475496307184
35.24,1.1619672034367186
35.26,1.08331635741906
35.28,1.4041647353739555
35.300000000000004,1.2212307999557301
35.32,1.3150560661766242
35.34,1.0021987611265786
35.36,1.3162383330942127
35.38,1.2874259725622774
35.4,1.2660231018812633
35.42,1.4431319930344193
35.44,1.1910783193949745
35.46,1.1749960627026361
35.480000000000004,1.098021445818795
35.5,1.1132842409228123
35.52,0.7746226096545594
35.54,0.6219433764407463
35.56,0.7821139958970642
35.58,0.8545477766916507
35.6,0.4127490690192521
35.62,0.547436418079372
35.64,0.3857504958180839
35.660000000000004,0.020381133374335114
35.68,0.2201845565323897
35.7,0.0
35.72,0.0
35.74,0.42162227497102134
35.76,0.20731016923337775
35.78,0.5019921791313282
35.800000000000004,0.3485390219649891
35.82,0.7084844547315989
35.84,0.6207387566475163
35.86,0.7761820903020296
35.88,0.9067173991961779
35.9,0.822981078308182
35.92,0.8010049627190949
35.94,1.0601690264319747
35.96,0.9570923262750177
35.980000000000004,1.0396488628802327
36.0,1.2301548303827956
36.02,1.1904809187668923
36.04,1.1083779507301905
36.06,1.0846267557413767
36.08,1.1976778509117085
36.1,1.6178929347693236
36.12,0.990169422936384
36.14,1.117068155019711
36.160000000000004,1.0586703902662862
36.18,1.093714143941561
36.2,1.0788513916224196
36.22,0.9237690842738123
36.24,0.8405616924038377
36.26,1.0142168548889177
36.28,0.704161531246447
36.300000000000004,0.6972234141031286
36.32,0.2499718558721477
36.34,0.25563454097989485
36.36,0.3914141570343366
36.38,0.14043296660023588
36.4,0.12639284723610464
36.42,0.17517098848412802
36.44,0.1599758084334715
36.46,0.17315941619703484
36.480000000000004,0.0
36.5,0.5268349688318009
36.52,0.4724494146074517
36.54,0.5640867596235707
36.56,0.7059424780932534
36.58,0.7149748333754073
36.6,0.5596999369949747
36.62,1.0762403330662769
36.64,0.8330389783823646
36.660000000000004,0.8036742282199769
36.68,1.2443871944083287
36.7,1.1238490853233383
36.72,1.2256240558834035
36.74,0.9968532800672634
36.76,1.2620785785242128
36.78,1.3044478769285102
36.800000000000004,1.5218026747135693
36.82,1.0811224598723317
36.84,0.9147598333806164
36.86,0.9650623713713697
36.88,1.01010005673399
36.9,1.4085370087725915
36.92,0.9073601063171057
36.94,1.1168874135278986
36.96,0.9489596563846325
36.980000000000004,0.6452334964494955
37.0,0.786077536123255
37.02,0.5728688896700666
37.04,0.387383366708277
37.06,0.6881318023957521
37.08,0.18698236882968688
37.1,0.23005156950934352
37.12,0.2701762753007798
37.14,0.0
37.160000000000004,0.21055506613803304
37.18,0.21610958823334053
37.2,0.1787387869438854
37.22,0.6906007986878244
37.24,0.6412326690119923
37.26,0.8376413168805652
37.28,0.8251302270241171
37.300000000000004,0.7935301721688562
37.32,0.8170156570559365
37.34,0.6930254695984296
37.36,0.9236755898091834
37.38,1.1370145367911493
37.4,1.0047661620721655
37.42,1.0568219602848037
37.44,1.2476306278423017
37.46,1.2687973178179128
37.480000000000004,0.9755323243225354
37.5,1.0598440997353593
37.52,1.05025295327999
37.54,0.9976858418660672
37.56,1.2850553347447469
37.58,1.2146390508496787
37.6,1.2635652931217085
37.62,0.9142283590486976
37.64,0.8716820256206566
37.660000000000004,0.7035162727742874
37.68,1.1691191784110935
37.7,0.7602017438443461
37.72,0.502064190781947
37.74,0.35001128992089614
37.76,0.3892565531928006
37.78,0.29809625778123316
37.800000000000004,0.35344570220912547
37.82,0.393578361528988
37.84,0.10427254499401487
37.86,0.05885405384580078
37.88,0.0714489828280602
37.9,0.4152500924615098
37.92,0.36375250391303326
37.94,0.3875183910848586
37.96,0.9206199159058522
37.980000000000004,0.5016899700746975
38.0,2.0436709201061736
38.02,1.912127664290995
38.04,2.107638384783034
38.06,2.0487962971097597
38.08,2.4120597376177417
38.1,2.259499824760535
38.12,2.3730568376358585
38.14,2.572501049101252
38.160000000000004,2.610747274814944
38.18,2.4959565484071273
38.2,2.292787094644639
38.22,2.1634547760740377
38.24,2.4011578189646574
38.26,2.3029662341137747
38.28,2.4787868090896303
38.300000000000004,2.1366061408656174
38.32,2.416760354282357
38.34,0.7264857004096663
38.36,0.9566013751971097
38.38,1.0898939469683142
38.4,0.8142346988276654
38.42,0.7341774059832288
38.44,0.8858343303459756
38.46,0.2696083247781032
38.480000000000004,0.4849081294994606
38.5,0.614964508863822
38.52,0.13846431874304319
38.54,0.2087471708649852
38.56,0.14166400710096907
38.58,0.10309613910258847
38.6,0.21141693474191564
38.62,0.4898317156694868
38.64,0.13039610366271684
38.660000000000004,0.5855235909363239
38.68,0.7634252419374064
38.7,0.8352582142610617
38.72,0.7215334986243215
38.74,0.8181660417161524
38.76,0.7925063668351241
38.78,1.030095473605871
38.800000000000004,1.0171036104366904
38.82,1.0183539109776398
38.84,0.9925275693044523
38.86,1.1188149171378896
38.88,1.5108982742378672
38.9,1.0629160630795025
38.92,0.9959310039572463
38.94,1.1933998629787603
38.96,1.0139993260295157
38.980000000000004,0.8256048205709337
39.0,1.0635375728311414
39.02,0.9637427614648191
39.04,1.037018273048035
39.06,0.9722615635132217
39.08,1.0318819386629319
39.1,0.6562652703615024
39.12,0.7359532587748387
39.14,0.6354021121805721
39.160000000000004,0.5600505889199066
39.18,0.7504144334670608
39.2,0.6710092782881819
39.22,0.35539391174117324
39.24,0.2915421436272778
39.26,0.22630595141240933
39.28,0.13779344186275302
39.300000000000004,0.19967822689723802
39.32,0.004624670085881244
39.34,0.3589143803800965
39.36,0.5183564273594361
39.38,0.25002445938886886
39.4,0.5581445236782846
39.42,0.3880827243752788
39.44,0.4437274329753872
39.46,0.7737739609346976
39.480000000000004,1.029878483854415
39.5,1.146447094318181
39.52,1.0499048465621248
39.54,0.8997558324104049
39.56,1.2503351699536398
39.58,1.0578516162280174
39.6,1.1658246737860323
39.62,1.1670805362995595
39.64,1.3794482097800511
39.660000000000004,1.4127285291704899
39.68,1.2611896909388274
39.7,1.2991161605704842
39.72,1.1232868673443497
39.74,0.9269726842959203
39.76,1.0240889711918089
39.78,1.1563325507335227
39.800000000000004,0.8968233144797437
39.82,0.7790159078851528
39.84,0.7262704923979603
39.86,0.5439403351578225
39.88,0.7272169349668746
39.9,0.7387044901612198
39.92,0.2907219537768464
39.94,0.39432197310428463
39.96,0.0
39.980000000000004,0.24808905450061386
40.0,0.0
40.02,0.0
40.04,0.12167428619979048
40.06,0.26313221591774605
40.08,0.45874999836796343
40.1,0.35465357128785924
40.12,0.5284023025540902
40.14,0.5170960039616452
40.160000000000004,0.9020019361617618
40.18,1.5786494197574539
40.2,1.6881573057942316
40.22,1.6007098355672922
40.24,1.9903371080360788
40.26,1.666786695956987
40.28,1.6742288188161014
40.300000000000004,1.9462196825617355
40.32,1.6809686962593469
40.34,2.0379289762891006
40.36,1.9334957759564737
40.38,1.929735694159326
40.4,2.0184417880673293
40.42,2.0171996211544916
40.44,1.8365135152572352
40.46,1.8069208642168908
40.480000000000004,1.6172357933204418
40.5,1.3214873119974342
40.52,0.8422641128978141
40.54,0.5767767689471713
40.56,0.7185852178748959
40.58,0.8660313861334636
40.6,0.551923468269335
40.62,0.5624108634575742
40.64,0.3394903207535929
40.660000000000004,0.31807083305987277
40.68,0.1531539033264282
40.7,0.23658722072475785
40.72,0.04451807813662251
40.74,0.0
40.76,0.10088411304997263
40.78,0.2963892932201524
40.800000000000004,0.28998217803573356
40.82,0.5613078100839717
40.84,0.5630596655245111
40.86,0.4416877801374575
40.88,1.8688509934006081
40.9,1.7995314700921514
40.92,1.807485945318921
40.94,1.9795154360645224
40.96,2.004781340652152
40.980000000000004,1.8957414226022342
41.0,2.068502596716026
41.02,1.9506453636115249
41.04,2.453632667584097
41.06,2.151770063041693
41.08,2.2091774264011286
41.1,2.319373961430169
41.12,2.355916469338467
41.14,2.059314623646032
41.160000000000004,2.300876807422944
41.18,1.7011189954244343
41.2,2.150920917878383
41.22,1.2384734870936536
41.24,0.9546243346567864
41.26,0.8894488178132889
41.28,0.8096355309629998
41.300000000000004,0.49993103353658064
41.32,0.47108346366789217
41.34,0.43626884596173765
41.36,0.541163457961882
41.38,0.3825409517321506
41.4,0.27356788246228775
41.42,0.1354600274641435
41.44,0.0991063969216311
41.46,0.18334379810501716
41.480000000000004,0.1875760827131795
41.5,0.28257037406315766
41.52,0.5393279939888296
41.54,0.7951691227701078
41.56,0.6505952477173617
41.58,0.9420299336612092
41.6,0.8820448685911801
41.62,0.7428312508970282
41.64,0.9096564870383983
41.660000000000004,1.1635146183827483
41.68,1.0697997737750393
41.7,1.0491668253559772
41.72,1.1823783390082303
41.74,1.168429239234
41.76,1.1555173362743263
41.78,0.9692948143109178
41.800000000000004,1.1649813108985627
41.82,1.1244851038774302
41.84,1.2408011276133522
41.86,1.1970173649733948
41.88,1.0865385962658902
41.9,1.3716850893835422
41.92,1.0920163972660977
41.94,1.0084158158144585
41.96,0.5677957499831318
41.980000000000004,0.4973607859702299
42.0,0.8319364901587956
42.02,0.43171772705379696
42.04,0.3912914393787075
42.06,0.2975641814046454
42.08,0.43308487248348837
42.1,0.3136006457411264
42.12,0.17637980053537394
42.14,0.08723788827836423
42.160000000000004,0.0
42.18,0.18818879084712228
42.2,0.6365814119583814
42.22,0.27034227634885266
42.24,0.235210526154919
42.26,0.42450931568797634
42.28,0.5620308026672864
42.300000000000004,0.7068203667042944
42.32,0.886447506547498
42.34,0.9683995946908863
42.36,0.9436366662371486
42.38,1.04920968282038
42.4,1.0490399632061402
42.42,0.9668737760225732
42.44,1.1747410359681612
42.46,1.3286399771002413
42.480000000000004,1.3922189054645426
42.5,1.0193680781798304
42.52,1.2684723798900324
42.54,1.1375747554180942
42.56,1.0884059515530506
42.58,1.0322082389217309
42.6,1.1729398668753022
42.62,0.9002204501021831
42.64,0.7050360464293288
42.660000000000004,0.8174659032467653
42.68,1.0266894109952054
42.7,0.7039734288453962
42.72,0.7007079637435565
42.74,0.5425710840890866
42.76,0.6598628152491515
42.78,0.470023525329553
42.800000000000004,0.6616393449420743
42.82,1.3461596228833008
42.84,0.931761211019942
42.86,1.0598105967324116
42.88,1.3957553967424203
42.9,1.0041458715466933
42.92,1.649477249776676
42.94,1.4605973323542605
42.96,1.4693931188205605
42.980000000000004,1.5384345916860716
43.0,1.7132627238109774
43.02,1.832778002639771
43.04,1.7884689621153762
43.06,1.92045777311787
43.08,2.264018128008933
43.1,1.9616316235623859
43.12,2.134514437293665
43.14,2.297807833943756
43.160000000000004,1.4003970091842164
43.18,1.1369713103085255
43.2,1.2229206452974701
43.22,1.02685326670204
43.24,1.2184561890048153
43.26,1.2284808736492958
43.28,1.1861649846297055
43.300000000000004,1.059067169487144
43.32,1.1019353204090552
43.34,0.7692228500447864
43.36,1.1051049839372766
43.38,0.6806714533264278
43.4,0.6541055931826736
43.42,0.49934761648119574
43.44,0.543753435311189
43.46,0.5829187361640322
43.480000000000004,0.6383003830868884
43.5,0.6243472495238298
43.52,0.47575132792263736
43.54,0.17589293259995853
43.56,0.0
43.58,0.0
43.6,0.13212676807650914
43.62,0.32492254690305
43.64,0.33254627501428274
43.660000000000004,0.5471894345560128
43.68,0.3319866456175081
43.7,0.5897093771487647
43.72,0.6448473135450125
43.74,0.7378806412726451
43.76,0.8905849796068235
43.78,0.9686705692342636
43.800000000000004,1.0501484729587218
43.82,1.043630607663869
43.84,1.2019867466643082
43.86,1.1111437090112906
43.88,1.011783360900746
43.9,2.474638479496338
43.92,2.22325548045213
43.94,2.5844286034855246
43.96,2.18249599301305
43.980000000000004,2.2036231825946575
44.0,2.381059410542295
44.02,2.3621910735290257
44.04,2.2140612824553485
44.06,2.2249954458039123
44.08,2.301504093324419
44.1,2.2406465481960316
44.12,1.7684137733783365
44.14,2.05735343725375
44.160000000000004,1.673191375781844
44.18,1.779418486367784
44.2,1.8696318283216624
44.22,1.4967792665700983
44.24,0.12023263431497071
44.26,0.07707323709469756
44.28,0.0
44.300000000000004,0.15934340772262662
44.32,0.11215076015177058
44.34,0.04144875661268049
44.36,0.28564860165018424
44.38,0.3866122622046765
44.4,0.6673709136970647
44.42,0.7611265325460145
44.44,0.7867125781552673
44.46,0.9103823495924531
44.480000000000004,0.9122015476205709
44.5,1.1061648731561295
44.52,0.8830075676326823
44.54,1.3062196132665342
44.56,0.8919455556788867
44.58,1.8770484400806167
44.6,2.194099095823403
44.62,2.116516445011566
44.64,2.066686759695799
44.660000000000004,2.2557104869858735
44.68,2.326537666249442
44.7,2.0290910389004364
44.72,2.1665211132864663
44.74,2.033203734476381
44.76,1.7205444648462125
44.78,1.9125883124885688
44.800000000000004,1.9706458658713282
44.82,1.6858132171957325
44.84,1.8906213587970373
44.86,1.62163222415662
44.88,1.6552622622082578
44.9,1.4247996235104285
44.92,0.42386578881819176
44.94,0.39817062532928466
44.96,0.0
44.980000000000004,0.023205459667144365
45.0,0.15676342313456282
45.02,0.11777217010619528
45.04,0.1411208808233005
45.06,0.3589315733737966
45.08,0.6910142530720834
45.1,0.22070132272340082
45.12,0.6090020643934874
45.14,0.636652482244508
45.160000000000004,0.6305532649361021
45.18,1.1415128356517052
45.2,0.8798847375290803
45.22,1.1467340776830028
45.24,0.8563108820875706
45.26,0.8755397611933832
45.28,0.7989906829075684
45.300000000000004,1.2981038074509181
45.32,1.5282373180624507
45.34,1.3462150489118867
45.36,1.147305032876919
45.38,1.097550339009918
45.4,1.201235569964103
45.42,1.1989257559282738
45.44,0.8791786805673792
45.46,1.3261800510504624
45.480000000000004,1.0120595709849813
45.5,1.107701996308313
45.52,1.207397946612061
45.54,1.090828131437684
45.56,0.6021401336348109
45.58,0.5229853906140137
45.6,0.3376214215060551
45.62,0.6648521027862916
45.64,0.1436781198998295
45.660000000000004,0.3593148587366733
45.68,0.0710689988650617
45.7,0.08073050383284473
45.72,0.0
45.74,0.03250600763473174
45.76,1.9448072621928492
45.78,1.9513307381489786
45.800000000000004,1.9813570048464697
45.82,2.209169772701314
45.84,2.009811216406804
45.86,2.33855600614338
45.88,2.233585386265904
45.9,2.443750684210744
45.92,2.5412195985320225
45.94,2.7108549504031654
45.96,2.5056532000120546
45.980000000000004,2.6461822802242128
46.0,2.459884175280465
46.02,2.7324813904556815
46.04,2.925879972380937
46.06,3.085373373547276
46.08,2.773894996324327
46.1,0.9981295641996188
46.12,1.3229780962002649
46.14,1.1217583653828385
46.160000000000004,1.1715797447371212
46.18,1.173817699805166
46.2,1.107974456355752
46.22,0.730196526568676
46.24,0.9369843711611595
46.26,0.6384976989692273
46.28,0.8510172773624417
46.300000000000004,0.8963213508127076
46.32,0.628845517314948
46.34,0.11400573442555595
46.36,0.48536709312959897
46.38,0.19663141858743674
46.4,0.31231771713567513
46.42,0.35163581162158775
46.44,0.24768313354873245
46.46,0.0812009125107337
46.480000000000004,0.055897646420715735
46.5,0.38210763648536317
46.52,0.3495002061518441
46.54,0.8151882989057584
46.56,0.8045890354931858
46.58,0.6252397678436404
46.6,0.9671557405687334
46.62,0.8115457553317669
46.64,1.1227702113785476
46.660000000000004,0.9633948720333343
46.68,1.2086070707560796
46.7,1.0055195724271602
46.72,0.908803916369229
46.74,0.9798821922179753
46.76,1.1291732851206988
46.78,1.1911182361975532
46.800000000000004,0.9459818436337323
46.82,1.1725285407629753
46.84,1.284416778606567
46.86,1.2701546427227233
46.88,1.0185975347441831
46.9,0.8105504522253716
46.92,1.3798709944738707
46.94,0.7059326545066722
46.96,0.8680725531352965
46.980000000000004,1.0332963715961159
47.0,0.6491719726334837
47.02,0.6215834476381211
47.04,0.4545437467332677
47.06,0.43493377577955306
47.08,0.40968714419225855
47.1,0.26163103668891635
47.12,0.0
47.14,1.6430650394993358
47.160000000000004,1.780341669649113
47.18,1.4756255950084267
47.2,1.6230542790560378
47.22,1.9071354393394986
47.24,2.0452967946483906
47.26,2.264230703592825
47.28,2.240432805787979
47.300000000000004,2.1939093387090605
47.32,2.5521669640037112
47.34,2.4374763739465584
47.36,2.612338985254727
47.38,2.4202776575194416
47.4,2.6518030067702147
47.42,2.7301583465931927
47.44,3.0413465008334613
47.46,2.5701615533866757
47.480000000000004,1.299741887054678
47.5,1.3387210175597577
47.52,1.2863540366332158
47.54,1.1283894710659172
47.56,1.1362930269291087
47.58,1.1594787134541398
47.6,1.1642355588723097
47.62,1.266713458283011
47.64,1.0849371365380973
47.660000000000004,0.745351108647621
47.68,0.5826261851631609
47.7,0.7745737518080172
47.72,0.6826926774508473
47.74,0.6925319682381713
47.76,0.49885548367123983
47.78,0.24562022188769947
47.800000000000004,0.19965024798213932
47.82,0.13316997942462513
47.84,0.0
47.86,0.0
47.88,0.1222628956361576
47.9,0.14262473348102053
47.92,0.37658538699760075
47.94,0.5080979162156433
47.96,0.6011333337359659
47.980000000000004,0.6330109814492003
48.0,0.6213320222447973
48.02,0.6186619236151746
48.04,0.995002424220761
48.06,0.9743521847782203
48.08,1.1174313958582873
48.1,0.9442123141110964
48.120000000000005,1.1047822411780843
48.14,0.9070962282399943
48.160000000000004,1.20003459966646
48.18,1.0372768345910561
48.2,1.0390113489723425
48.22,1.1847114128875147
48.24,1.1242362437382212
48.26,1.1369638647369005
48.28,1.0455514742880883
48.300000000000004,1.2174020092767583
48.32,1.1693992480373243
48.34,1.0720746441659441
48.36,1.0225389493134518
48.38,0.8337645801584086
48.4,1.120820312209959
48.42,0.926923826626391
48.44,0.6364789744086657
48.46,0.6205513667876142
48.480000000000004,0.2450465515847112
48.5,0.21409775786679305
48.52,0.3839821485326896
48.54,0.4197050591186344
48.56,0.2750835583521554
48.58,0.0
48.6,0.17055370765406275
48.620000000000005,0.12110483705290301
48.64,0.30201611116019633
48.660000000000004,0.660904820675254
48.68,0.5399399758268145
48.7,0.5316592547110078
48.72,0.6964435623610339
48.74,0.6214412846546364
48.76,1.0765332162638244
48.78,1.1044022474597397
48.800000000000004,1.1915134193338124
48.82,0.7640916774599265
48.84,1.0825664673219975
48.86,1.123479093246412
48.88,1.5002163418777315
48.9,0.9990565691810082
48.92,1.2449865568883243
48.94,1.161482519817302
48.96,1.279999918574511
48.980000000000004,1.092577860132536
49.0,1.0051100541834466
49.02,1.1551831450671142
49.04,1.1297123130126288
49.06,0.9453147100102385
49.08,1.0582493476566808
49.1,0.9977203747084281
49.120000000000005,0.9105026084502782
49.14,0.733063972057924
49.160000000000004,0.778663490361741
49.18,0.7586935488099213
49.2,0.26878964260186067
49.22,0.288547783301056
49.24,0.2357289324433885
49.26,0.09566287943083066
49.28,0.028604314633053775
49.300000000000004,0.013537260580722126
49.32,0.0
49.34,0.16638990903113415
49.36,0.042273906063293176
49.38,0.743787364524709
49.4,0.5158220410144724
49.42,0.4722382101075693
49.44,0.39800877826743636
49.46,0.9693112954426872
49.480000000000004,0.9505895971148141
49.5,0.6685269982758113
49.52,0.9561791141035989
49.54,1.0836158645689962
49.56,1.0952778886283752
49.58,1.178014395200952
49.6,1.2304661800722823
49.620000000000005,1.1918582316054034
49.64,0.9859205052230572
49.660000000000004,1.3733653631260867
49.68,1.1809460925252548
49.7,1.1078765778756476
49.72,1.1338043187393254
49.74,1.1418004631010068
49.76,0.8488693637552476
49.78,0.9368476637943149
49.800000000000004,0.9124511705434133
49.82,0.9038669784808092
49.84,1.0473041124311455
49.86,0.6722707950005936
49.88,0.6506521658472733
49.9,0.56579395868487
49.92,0.3467416634143847
49.94,0.36092736709776146
49.96,0.12061625161566385
49.980000000000004,0.3860220523955668
50.0,0.2188569100872547
50.02,0.12105620952818041
50.04,0.198954499695419
50.06,0.2668135285959536
50.08,0.48288926567031454
50.1,0.23387311458750082
50.120000000000005,0.5581457305470812
50.14,0.6389682963666672
50.160000000000004,0.7813345745054525
50.18,0.8638116891955785
50.2,0.8167747875956719
50.22,1.0713217457414714
50.24,1.281487536409032
50.26,1.1498697905616493
50.28,1.1639924893965055
50.300000000000004,1.1926275773142632
50.32,1.2369661897572326
50.34,1.0300761345562586
50.36,1.0837253598727925
50.38,1.2009125700180308
50.4,1.2768003849276577
50.42,1.2195230127827255
50.44,1.1329216944082239
50.46,0.6481875773994612
50.480000000000004,1.0939659038119498
50.5,1.0217178385786816
50.52,1.0936213025760673
50.54,1.0603115743515248
50.56,0.6197612270039374
50.58,0.6679528566174094
50.6,0.4458353994258354
50.620000000000005,0.35355106651761203
50.64,0.5042988636949157
50.660000000000004,0.3036088655628394
50.68,0.3152240793432203
50.7,0.0
50.72,0.014238060028039828
50.74,0.05778964337555735
50.76,0.05030842834059082
50.78,0.06434534816482457
50.800000000000004,0.5915112870696431
50.82,0.3996082491936397
50.84,0.4823071645793501
50.86,0.7773734451580084
50.88,0.8355650161746572
50.9,0.8830479871872571
50.92,0.7881790977557624
50.94,1.3171264807105307
50.96,1.2070675137865432
50.980000000000004,1.3817371600892037
51.0,0.920550782256321
51.02,1.1328037105810713
51.04,1.0398072066116604
51.06,1.024748098348392
51.08,1.2711499654925802
51.1,1.2772190487513375
51.120000000000005,1.2355005601473494
51.14,1.468578004139211
51.160000000000004,1.3150350385649041
51.18,0.9194337870222355
51.2,1.0766714122623575
51.22,1.0168376762216536
51.24,1.006081186196947
51.26,0.9383617177234733
51.28,0.9846756984637745
51.300000000000004,0.808256280345516
51.32,0.7721741391902165
51.34,0.5111250793531665
51.36,0.11130865356586295
51.38,0.3997284346223451
51.4,0.025077129334836773
51.42,0.0
51.44,0.0
51.46,0.11737265178063354
51.480000000000004,0.3171151446728736
51.5,0.5358464336198216
51.52,0.6150126451676212
51.54,0.6817989800064505
51.56,0.6476352347039175
51.58,0.9563014252200429
51.6,0.8006647411308833
51.620000000000005,0.973907781454351
51.64,0.7419939744327884
51.660000000000004,0.7903928633994053
51.68,1.0432776418757832
51.7,1.2108658055428716
51.72,1.2499391694327933
51.74,0.6929314309096791
51.76,1.327245577298644
51.78,1.0671465633438506
51.800000000000004,1.4145924192190054
51.82,1.3665345306563481
51.84,1.0274279703266784
51.86,1.2337652287454481
51.88,1.1532827994236599
51.9,0.769403064849046
51.92,0.9503152003793771
51.94,0.7596521354414667
51.96,0.8541534396230065
51.980000000000004,0.8574400617342373
52.0,0.6953657899703134
52.02,0.77918883191053
52.04,0.6409593769823974
52.06,0.5153532538068788
52.08,0.22775683158390192
52.1,0.13932501086220012
52.120000000000005,0.10578174234222248
52.14,0.0
52.160000000000004,0.2976930511533455
52.18,0.0
52.2,0.47074588045796817
52.22,0.23701279246844212
52.24,0.2762141994187156
52.26,0.6583727133222382
52.28,0.8127320324553744
52.300000000000004,0.7550406287393797
52.32,0.837668188654044
52.34,0.7320490467172097
52.36,0.9951562243835663
52.38,0.9153208831498337
52.4,1.0632583740039174
52.42,1.1209759428269948
52.44,1.3005505082061675
52.46,1.3442354348453192
52.480000000000004,1.302941600399827
52.5,3.3757431607911292
52.52,3.103531986653175
52.54,3.556212718116345
52.56,3.228994228627968
52.58,3.1699326862033486
52.6,3.1816949723451518
52.620000000000005,3.081139956719693
52.64,3.1642750905183408
52.660000000000004,3.001011543746838
52.68,3.1875200942099577
52.7,2.7243328148016164
52.72,2.753576985018123
52.74,2.36772168034327
52.76,2.6849070307957597
52.78,2.8138711792188427
52.800000000000004,2.3748016668230383
52.82,2.2843508613919123
52.84,0.009445867974177985
52.86,0.1517753870334862
52.88,0.2701053780004087
52.9,0.0
52.92,0.37727103475351875
52.94,0.6772377984218975
52.96,0.4040810588598843
52.980000000000004,1.537046387369215
53.0,1.542163236348051
53.02,1.6951945944126643
53.04,1.6260083033324477
53.06,1.9890300054974386
53.08,1.8906481000084736
53.1,2.0770396411085374
53.120000000000005,2.0232249282239296
53.14,2.046183766415776
53.160000000000004,2.4520990193463335
53.18,2.0717041695464316
53.2,2.1342212128941234
53.22,2.1344016138211113
53.24,2.2689174206459866
53.26,2.044177226068966
53.28,2.3044772748131925
53.300000000000004,2.250184519860275
53.32,1.1214867768615626
53.34,0.8908238051630029
53.36,0.8542670695019654
53.38,0.4905813467341301
53.4,0.6399378360493183
53.42,0.947158836241764
53.44,0.6971313524144153
53.46,0.8255505411175342
53.480000000000004,0.5141534829767579
53.5,0.32272055541641514
53.52,0.25233042822347734
53.54,0.17135152450148552
53.56,0.0
53.58,0.07401890179440501
53.6,0.28599871424809725
53.620000000000005,0.3548361080692092
53.64,0.21042943880533477
53.660000000000004,0.470565845743269
53.68,0.5364439143456055
53.7,0.7724637010222225
53.72,0.6775081854431315
53.74,0.8948437786780712
53.76,0.5857090700056884
53.78,0.8676293487507503
53.800000000000004,1.1691991686094434
53.82,0.9303638903655485
53.84,1.297861811960381
53.86,1.0658393660923833
53.88,0.711792799264604
53.9,1.2939764593236944
53.92,1.0369190126190784
53.94,1.2550103065206142
53.96,1.3726355030866477
53.980000000000004,1.210486022727171
54.0,1.130600864296573
54.02,1.164464696529159
54.04,0.9461839068731596
54.06,1.2723681930608244
54.08,1.3015240662662801
54.1,1.0621879484794103
54.120000000000005,0.6277424827811516
54.14,0.7624393172453618
54.160000000000004,0.4319066324585161
54.18,0.3747923320543062
54.2,0.39962728112126483
54.22,0.37383247111683915
54.24,0.2152005608934864
54.26,0.20628391602180673
54.28,0.14106848170731823
54.300000000000004,0.15298429087142612
54.32,0.21949903740037097
54.34,0.2765696283559559
54.36,0.677178704410728
54.38,0.5442595329445666
54.4,0.7186704481451702
54.42,0.5468272918700432
54.44,0.5910175219262923
54.46,0.9135941711914051
54.480000000000004,0.9547158583030215
54.5,1.154207993965098
54.52,0.9603957355760785
54.54,0.9732586928343445
54.56,1.244219459187281
54.58,1.352618570232335
54.6,0.9410225767119333
54.620000000000005,1.4340687070139824
54.64,0.9140635899224097
54.660000000000004,1.4003132884201004
54.68,0.9320364232950622
54.7,1.1032086414471747
54.72,1.083404957505544
54.74,1.1168529092509114
54.76,0.8694355502150825
54.78,0.6731632305512161
54.800000000000004,0.7845022263610085
54.82,0.9922958205494885
54.84,0.7787883012612266
54.86,0.709822975564444
54.88,0.5437610996544229
54.9,0.519055430381695
54.92,0.528152240680956
54.94,0.5780816407663105
54.96,0.1681137002763802
54.980000000000004,0.06124446046837197
55.0,0.0
55.02,0.27993044688541957
55.04,0.332034496075683
55.06,0.16424244617437292
55.08,0.5337006604115614
55.1,0.4697645040819908
55.120000000000005,0.5130713063434209
55.14,0.6849653539095619
55.160000000000004,0.8228210984667486
55.18,0.7593494507607935
55.2,0.7974367088603034
55.22,1.2798775474563413
55.24,1.0706350576822043
55.26,1.159481744294645
55.28,1.202003495827044
55.300000000000004,1.1648022051343057
55.32,1.069802581944432
55.34,1.3724139892731777
55.36,1.3962681855673627
55.38,1.3315836707955453
55.4,1.052231143059443
55.42,1.2478432687829466
55.44,1.2137147772899044
55.46,1.1386393933937313
55.480000000000004,0.8504985899049701
55.5,1.1213167478869732
55.52,1.0900269338639272
55.54,0.8025574106833736
55.56,0.8250972385628349
55.58,0.6462362250485315
55.6,0.6868264917199127
55.620000000000005,0.3744038131546961
55.64,0.43982271412844093
55.660000000000004,0.509882138605971
55.68,0.1441652956214644
55.7,0.15414662162193193
55.72,0.0
55.74,0.11812553751877808
55.76,0.17511188740234723
55.78,0.16943536910174037
55.800000000000004,0.12069074017295228
55.82,0.7206826463991157
55.84,0.7813798116114699
55.86,0.75414771626472
55.88,0.8834269712213549
55.9,0.9072996869477036
55.92,0.9423208705316168
55.94,0.9815407352618745
55.96,1.2034919168556533
55.980000000000004,1.044244644053769
56.0,0.9413825616369196
56.02,1.1628136563019367
56.04,1.5282939012048238
56.06,1.3345089891080324
56.08,1.2423680599344809
56.1,1.1672056498903245
56.120000000000005,1.175193641205457
56.14,1.2544541380513208
56.160000000000004,1.0396149229007514
56.18,1.0932248248151475
56.2,0.89561039906308
56.22,0.9440318625957888
56.24,0.8646739548797439
56.26,0.749441812661638
56.28,0.6280678481343358
56.300000000000004,0.8944573374242586
56.32,0.5525692282389445
56.34,0.08418708253153906
56.36,0.4092038331095331
56.38,0.18126890479963353
56.4,0.1634477858902352
56.42,0.24140881459641123
56.44,0.0
56.46,0.2510989795257368
56.480000000000004,0.36647745094133366
56.5,0.226101345208162
56.52,0.6252553544791857
56.54,0.5567535031344656
56.56,0.8483905239313063
56.58,0.7311122530722431
56.6,0.9295505096067294
56.620000000000005,0.8484907497269059
56.64,1.3040594158639902
56.660000000000004,1.0696099307322762
56.68,1.2062899388488755
56.7,1.9407737146330772
56.72,2.249906744186931
56.74,2.4439567684484595
56.76,2.3626061404449192
56.78,1.9726462166120702
56.800000000000004,2.205466428032247
56.82,2.322586841328901
56.84,2.179325889318207
56.86,1.9686374242033735
56.88,2.2920692779271783
56.9,2.0644895605291302
56.92,1.9630368226875285
56.94,1.684024600748318
56.96,1.7025142184725113
56.980000000000004,1.6371180396082936
57.0,1.5674951634703511
57.02,1.6339277635114762
57.04,0.5295428310930483
57.06,0.11235623255518923
57.08,0.0
57.1,0.18387157001526133
57.120000000000005,0.24813118489756866
57.14,0.0
57.160000000000004,1.6237825025126722
57.18,1.710777577840688
57.2,1.590508754619698
57.22,2.039876882666808
57.24,2.2376115162195473
57.26,2.246516633426735
57.28,1.8701130670892583
57.300000000000004,2.195166737169347
57.32,2.3680493183498
57.34,2.2556130836361223
57.36,2.3197147584517057
57.38,2.4081181242500724
57.4,2.666933205271203
57.42,2.5530081671407454
57.44,2.5128357734668865
57.46,2.7652193164118697
57.480000000000004,2.643938605504699
57.5,1.3023674366543776
57.52,0.9551312506526646
57.54,1.546117679786822
57.56,1.3054036822364425
57.58,1.2009052564939167
57.6,0.9773736031421401
57.620000000000005,1.1315634245631214
57.64,1.059095489167404
57.660000000000004,0.9442870396999279
57.68,0.6289936135307036
57.7,0.8259950702333567
57.72,0.7432460195928001
57.74,0.6292256758865149
57.76,0.6537907467864563
57.78,0.6908553188253408
57.800000000000004,0.5155239923114078
57.82,0.18475668640028722
57.84,0.05177960042963103
57.86,0.08923225628711334
57.88,0.0
57.9,0.3766233420450973
57.92,0.14990548437152476
57.94,0.5065039604330845
57.96,0.5241078239949238
57.980000000000004,0.5882244812420109
58.0,0.627095534661735
58.02,0.8379771704045778
58.04,0.5599183245325885
58.06,0.783020120892917
58.08,1.028868586297538
58.1,1.0033978677849358
58.120000000000005,1.0101375647772506
58.14,1.0373210999139797
58.160000000000004,1.172124120877454
58.18,2.1611277156581385
58.2,1.8794215737785764
58.22,2.045463855736013
58.24,2.1217125156836163
58.26,1.928924798667643
58.28,2.106186999063171
58.300000000000004,1.818671141622541
58.32,2.092509120804306
58.34,1.8349663252288102
58.36,1.7409314846075932
58.38,1.8582902579475096
58.4,1.6116720155188722
58.42,1.6639095152932017
58.44,1.4136375862113306
58.46,1.5273481896496264
58.480000000000004,1.3516874651894104
58.5,1.1545532264473584
58.52,0.43700255892017603
58.54,0.0
58.56,0.0
58.58,0.0
58.6,0.08509021234907513
58.620000000000005,0.4388908500224993
58.64,0.2699185291092093
58.660000000000004,0.6107612661147339
58.68,0.526896988104549
58.7,0.5242097670146244
58.72,0.5222147805996962
58.74,0.8084110202867499
58.76,0.7693128812078821
58.78,0.9761274663274572
58.800000000000004,0.8893436605840969
58.82,1.3416894946074118
58.84,1.063798199151168
58.86,1.1344273046403481
58.88,1.2718084181387372
58.9,1.0194589052599154
58.92,1.1375388769443167
58.94,1.3057287037639227
58.96,1.1309672156001807
58.980000000000004,1.0611520630497293
59.0,1.0789911572747537
59.02,1.1554040191092754
59.04,1.177586504079076
59.06,0.8568918581930086
59.08,1.0939629679730434
59.1,1.037004673595624
59.120000000000005,0.795932379628669
59.14,1.0776466312768496
59.160000000000004,0.7594758872488843
59.18,0.5199575451563733
59.2,0.5395466255156114
59.22,0.16364040821594397
59.24,0.0072112158859830855
59.26,0.1407072352520582
59.28,0.0
59.300000000000004,0.016680334339521617
59.32,0.19055820168844842
59.34,0.37023956888379217
59.36,0.22118109171488115
59.38,0.6707516682299738
59.4,0.7562540288143383
59.42,0.7163696379047941
59.44,0.9608985963874976
59.46,0.8025752354974467
59.480000000000004,0.750412312844492
59.5,1.0447946506568464
59.52,1.1468773190381885
59.54,1.1247413324852171
59.56,1.0948666318438787
59.58,1.1616635296104416
59.6,1.1917768049166795
59.620000000000005,1.1738591005425452
59.64,1.2558235987808242
59.660000000000004,1.130935827687285
59.68,1.310672177546029
59.7,1.3638035620884115
59.72,1.3283853216078951
59.74,1.0907452312530312
59.76,1.2211086553099317
59.78,1.109993931273048
59.800000000000004,0.9524830153625947
59.82,0.9999364257470258
59.84,0.5664356856533277
59.86,0.8183282915236842
59.88,0.4702828698468591
59.9,0.31251968734634106
59.92,0.43456399435390647
59.94,0.13717078659840848
59.96,0.26914679099343863
59.980000000000004,0.25098366960926666
